"id","name","avatar"
1,"Gunner Barton","https://s3.amazonaws.com/uifaces/faces/twitter/bartoszdawydzik/128.jpg"
2,"Kendall Wisoky","https://s3.amazonaws.com/uifaces/faces/twitter/ntfblog/128.jpg"
3,"Keagan Ortiz","https://s3.amazonaws.com/uifaces/faces/twitter/rikas/128.jpg"
4,"Luna Upton","https://s3.amazonaws.com/uifaces/faces/twitter/bryan_topham/128.jpg"
5,"Elroy Murray","https://s3.amazonaws.com/uifaces/faces/twitter/RussellBishop/128.jpg"
6,"Serena Kuhlman","https://s3.amazonaws.com/uifaces/faces/twitter/sawrb/128.jpg"
7,"Branson Greenholt","https://s3.amazonaws.com/uifaces/faces/twitter/deviljho_/128.jpg"
8,"Charles Kertzmann","https://s3.amazonaws.com/uifaces/faces/twitter/vladarbatov/128.jpg"
9,"Esmeralda Ankunding II","https://s3.amazonaws.com/uifaces/faces/twitter/salvafc/128.jpg"
10,"Charity Turner","https://s3.amazonaws.com/uifaces/faces/twitter/desastrozo/128.jpg"
11,"Edwardo Osinski","https://s3.amazonaws.com/uifaces/faces/twitter/m4rio/128.jpg"
12,"Heath Gleichner","https://s3.amazonaws.com/uifaces/faces/twitter/batsirai/128.jpg"
13,"Pinkie Krajcik","https://s3.amazonaws.com/uifaces/faces/twitter/samihah/128.jpg"
14,"Lowell Jacobson","https://s3.amazonaws.com/uifaces/faces/twitter/cdharrison/128.jpg"
15,"Dr. Magnus Schroeder","https://s3.amazonaws.com/uifaces/faces/twitter/jffgrdnr/128.jpg"
16,"Darren Rodriguez","https://s3.amazonaws.com/uifaces/faces/twitter/igorgarybaldi/128.jpg"
17,"Holly Ullrich MD","https://s3.amazonaws.com/uifaces/faces/twitter/sircalebgrove/128.jpg"
18,"Trever Lockman","https://s3.amazonaws.com/uifaces/faces/twitter/logorado/128.jpg"
19,"Gina Grady","https://s3.amazonaws.com/uifaces/faces/twitter/mr_shiznit/128.jpg"
20,"Ines Williamson II","https://s3.amazonaws.com/uifaces/faces/twitter/leandrovaranda/128.jpg"
21,"Mrs. Lenna Batz","https://s3.amazonaws.com/uifaces/faces/twitter/kohette/128.jpg"
22,"Renee Berge","https://s3.amazonaws.com/uifaces/faces/twitter/maiklam/128.jpg"
23,"Hadley Langosh","https://s3.amazonaws.com/uifaces/faces/twitter/kylefrost/128.jpg"
24,"Malinda Prohaska DVM","https://s3.amazonaws.com/uifaces/faces/twitter/konus/128.jpg"
25,"Tyson Ruecker","https://s3.amazonaws.com/uifaces/faces/twitter/chrisstumph/128.jpg"
26,"Tressie Cormier","https://s3.amazonaws.com/uifaces/faces/twitter/herrhaase/128.jpg"
27,"Jillian Mayer","https://s3.amazonaws.com/uifaces/faces/twitter/okcoker/128.jpg"
28,"Ms. Keely Mitchell","https://s3.amazonaws.com/uifaces/faces/twitter/a_harris88/128.jpg"
29,"Ramon Turner Jr.","https://s3.amazonaws.com/uifaces/faces/twitter/stefooo/128.jpg"
30,"Dayne Cassin","https://s3.amazonaws.com/uifaces/faces/twitter/falconerie/128.jpg"
31,"Kaley Cormier","https://s3.amazonaws.com/uifaces/faces/twitter/ludwiczakpawel/128.jpg"
32,"Augustus Carroll MD","https://s3.amazonaws.com/uifaces/faces/twitter/michaelmartinho/128.jpg"
33,"Gregory Daniel","https://s3.amazonaws.com/uifaces/faces/twitter/andreas_pr/128.jpg"
34,"Gianni Volkman","https://s3.amazonaws.com/uifaces/faces/twitter/cemshid/128.jpg"
35,"Maya Hamill","https://s3.amazonaws.com/uifaces/faces/twitter/kudretkeskin/128.jpg"
36,"Dayna Mante","https://s3.amazonaws.com/uifaces/faces/twitter/danro/128.jpg"
37,"Gail Wilkinson V","https://s3.amazonaws.com/uifaces/faces/twitter/smenov/128.jpg"
38,"Frederik VonRueden","https://s3.amazonaws.com/uifaces/faces/twitter/johnsmithagency/128.jpg"
39,"Ross Will","https://s3.amazonaws.com/uifaces/faces/twitter/iamjdeleon/128.jpg"
40,"Marcel Powlowski","https://s3.amazonaws.com/uifaces/faces/twitter/marcoramires/128.jpg"
41,"Kamron Cassin","https://s3.amazonaws.com/uifaces/faces/twitter/rawdiggie/128.jpg"
42,"Evelyn Witting I","https://s3.amazonaws.com/uifaces/faces/twitter/adellecharles/128.jpg"
43,"Lottie Kihn","https://s3.amazonaws.com/uifaces/faces/twitter/tomas_janousek/128.jpg"
44,"Miss Justen Thompson","https://s3.amazonaws.com/uifaces/faces/twitter/osmond/128.jpg"
45,"Jed White","https://s3.amazonaws.com/uifaces/faces/twitter/jwalter14/128.jpg"
46,"Halle Mertz","https://s3.amazonaws.com/uifaces/faces/twitter/salimianoff/128.jpg"
47,"Madilyn Lang","https://s3.amazonaws.com/uifaces/faces/twitter/joshhemsley/128.jpg"
48,"Chanelle McDermott","https://s3.amazonaws.com/uifaces/faces/twitter/saschamt/128.jpg"
49,"Marge Kuhn","https://s3.amazonaws.com/uifaces/faces/twitter/bluesix/128.jpg"
50,"Rosalind Emard","https://s3.amazonaws.com/uifaces/faces/twitter/lanceguyatt/128.jpg"
51,"Reuben Wilderman","https://s3.amazonaws.com/uifaces/faces/twitter/josep_martins/128.jpg"
52,"Kali Wiegand","https://s3.amazonaws.com/uifaces/faces/twitter/slowspock/128.jpg"
53,"D'angelo Schmitt","https://s3.amazonaws.com/uifaces/faces/twitter/stalewine/128.jpg"
54,"Myron Schneider","https://s3.amazonaws.com/uifaces/faces/twitter/bargaorobalo/128.jpg"
55,"Arch Schmitt","https://s3.amazonaws.com/uifaces/faces/twitter/dc_user/128.jpg"
56,"Dortha Windler IV","https://s3.amazonaws.com/uifaces/faces/twitter/91bilal/128.jpg"
57,"Miss Calista Murray","https://s3.amazonaws.com/uifaces/faces/twitter/xtopherpaul/128.jpg"
58,"Kole Klocko","https://s3.amazonaws.com/uifaces/faces/twitter/soffes/128.jpg"
59,"Justyn Hettinger","https://s3.amazonaws.com/uifaces/faces/twitter/nacho/128.jpg"
60,"Xzavier Batz","https://s3.amazonaws.com/uifaces/faces/twitter/darylws/128.jpg"
61,"Casper Hoeger","https://s3.amazonaws.com/uifaces/faces/twitter/eddiechen/128.jpg"
62,"Jermey Streich","https://s3.amazonaws.com/uifaces/faces/twitter/dpmachado/128.jpg"
63,"Zackery Romaguera IV","https://s3.amazonaws.com/uifaces/faces/twitter/cemshid/128.jpg"
64,"Miss Jermaine Grant","https://s3.amazonaws.com/uifaces/faces/twitter/joaoedumedeiros/128.jpg"
65,"Hardy Carroll","https://s3.amazonaws.com/uifaces/faces/twitter/bennyjien/128.jpg"
66,"Toni Kling","https://s3.amazonaws.com/uifaces/faces/twitter/embrcecreations/128.jpg"
67,"Lysanne Ledner","https://s3.amazonaws.com/uifaces/faces/twitter/logorado/128.jpg"
68,"Jayda Ritchie","https://s3.amazonaws.com/uifaces/faces/twitter/vladarbatov/128.jpg"
69,"Eric Bruen DDS","https://s3.amazonaws.com/uifaces/faces/twitter/shadeed9/128.jpg"
70,"Vernice Daugherty","https://s3.amazonaws.com/uifaces/faces/twitter/buleswapnil/128.jpg"
71,"Elyssa O'Conner","https://s3.amazonaws.com/uifaces/faces/twitter/sbtransparent/128.jpg"
72,"Olga Johnston","https://s3.amazonaws.com/uifaces/faces/twitter/joeymurdah/128.jpg"
73,"Patience Weber","https://s3.amazonaws.com/uifaces/faces/twitter/josemarques/128.jpg"
74,"Queenie Nicolas","https://s3.amazonaws.com/uifaces/faces/twitter/Skyhartman/128.jpg"
75,"Vicente Kautzer","https://s3.amazonaws.com/uifaces/faces/twitter/dhilipsiva/128.jpg"
76,"Ruby Bosco","https://s3.amazonaws.com/uifaces/faces/twitter/thehacker/128.jpg"
77,"Mr. Karli Hilpert","https://s3.amazonaws.com/uifaces/faces/twitter/ryandownie/128.jpg"
78,"Lucinda Quigley","https://s3.amazonaws.com/uifaces/faces/twitter/aaronalfred/128.jpg"
79,"Mr. Ilene Bartell","https://s3.amazonaws.com/uifaces/faces/twitter/mrmartineau/128.jpg"
80,"Mrs. Elbert Wilkinson","https://s3.amazonaws.com/uifaces/faces/twitter/nelsonjoyce/128.jpg"
81,"Alexandro McCullough","https://s3.amazonaws.com/uifaces/faces/twitter/cynthiasavard/128.jpg"
82,"Royce Dicki","https://s3.amazonaws.com/uifaces/faces/twitter/mslarkina/128.jpg"
83,"Marisol Lueilwitz I","https://s3.amazonaws.com/uifaces/faces/twitter/romanbulah/128.jpg"
84,"Karianne Ryan","https://s3.amazonaws.com/uifaces/faces/twitter/kohette/128.jpg"
85,"Mr. Theresia Grant","https://s3.amazonaws.com/uifaces/faces/twitter/dreizle/128.jpg"
86,"Milo Steuber","https://s3.amazonaws.com/uifaces/faces/twitter/haruintesettden/128.jpg"
87,"Rebecca Fay","https://s3.amazonaws.com/uifaces/faces/twitter/michigangraham/128.jpg"
88,"Nova Rodriguez Sr.","https://s3.amazonaws.com/uifaces/faces/twitter/iduuck/128.jpg"
89,"Israel Cremin","https://s3.amazonaws.com/uifaces/faces/twitter/lisovsky/128.jpg"
90,"Enoch Kemmer","https://s3.amazonaws.com/uifaces/faces/twitter/marklamb/128.jpg"
91,"Zachary Cole","https://s3.amazonaws.com/uifaces/faces/twitter/justinrhee/128.jpg"
92,"Buford Stroman","https://s3.amazonaws.com/uifaces/faces/twitter/hjartstrorn/128.jpg"
93,"Andrew Jerde","https://s3.amazonaws.com/uifaces/faces/twitter/ponchomendivil/128.jpg"
94,"Deven Prosacco","https://s3.amazonaws.com/uifaces/faces/twitter/swaplord/128.jpg"
95,"Miss Jany Macejkovic","https://s3.amazonaws.com/uifaces/faces/twitter/anasnakawa/128.jpg"
96,"Rubie Orn","https://s3.amazonaws.com/uifaces/faces/twitter/isacosta/128.jpg"
97,"Twila Wintheiser","https://s3.amazonaws.com/uifaces/faces/twitter/danro/128.jpg"
98,"Mikel Lesch","https://s3.amazonaws.com/uifaces/faces/twitter/primozcigler/128.jpg"
99,"Kenneth Lueilwitz","https://s3.amazonaws.com/uifaces/faces/twitter/vlajki/128.jpg"
100,"Judge Lynch","https://s3.amazonaws.com/uifaces/faces/twitter/nelsonjoyce/128.jpg"
101,"Tony Dach","https://s3.amazonaws.com/uifaces/faces/twitter/muringa/128.jpg"
102,"Micah Bergstrom","https://s3.amazonaws.com/uifaces/faces/twitter/iamkarna/128.jpg"
103,"Kari Schulist V","https://s3.amazonaws.com/uifaces/faces/twitter/danpliego/128.jpg"
104,"Retta Sauer","https://s3.amazonaws.com/uifaces/faces/twitter/newbrushes/128.jpg"
105,"Olin Gislason","https://s3.amazonaws.com/uifaces/faces/twitter/franciscoamk/128.jpg"
106,"Miss Marcia Stark","https://s3.amazonaws.com/uifaces/faces/twitter/illyzoren/128.jpg"
107,"Enola Hartmann","https://s3.amazonaws.com/uifaces/faces/twitter/nitinhayaran/128.jpg"
108,"Deborah Bauch","https://s3.amazonaws.com/uifaces/faces/twitter/divya/128.jpg"
109,"Kyle Durgan","https://s3.amazonaws.com/uifaces/faces/twitter/saschadroste/128.jpg"
110,"Alan Rippin","https://s3.amazonaws.com/uifaces/faces/twitter/weglov/128.jpg"
111,"Keaton Romaguera PhD","https://s3.amazonaws.com/uifaces/faces/twitter/Talbi_ConSept/128.jpg"
112,"Lew Lockman","https://s3.amazonaws.com/uifaces/faces/twitter/carbontwelve/128.jpg"
113,"Bonita Nienow","https://s3.amazonaws.com/uifaces/faces/twitter/michaelbrooksjr/128.jpg"
114,"Emily Jacobs","https://s3.amazonaws.com/uifaces/faces/twitter/nwdsha/128.jpg"
115,"Ladarius Hettinger","https://s3.amazonaws.com/uifaces/faces/twitter/mekal/128.jpg"
116,"Oda Roberts","https://s3.amazonaws.com/uifaces/faces/twitter/besbujupi/128.jpg"
117,"Kari Koepp","https://s3.amazonaws.com/uifaces/faces/twitter/anthonysukow/128.jpg"
118,"Gladys Pfannerstill","https://s3.amazonaws.com/uifaces/faces/twitter/christianoliff/128.jpg"
119,"Mollie Windler","https://s3.amazonaws.com/uifaces/faces/twitter/oksanafrewer/128.jpg"
120,"Dominic Stanton DDS","https://s3.amazonaws.com/uifaces/faces/twitter/kostaspt/128.jpg"
121,"Marietta Hackett","https://s3.amazonaws.com/uifaces/faces/twitter/scrapdnb/128.jpg"
122,"Dr. Violette Rohan","https://s3.amazonaws.com/uifaces/faces/twitter/eitarafa/128.jpg"
123,"Thalia Hirthe","https://s3.amazonaws.com/uifaces/faces/twitter/billyroshan/128.jpg"
124,"Franz Lubowitz","https://s3.amazonaws.com/uifaces/faces/twitter/danvierich/128.jpg"
125,"Hazle Schneider","https://s3.amazonaws.com/uifaces/faces/twitter/cboller1/128.jpg"
126,"Alden McKenzie","https://s3.amazonaws.com/uifaces/faces/twitter/matbeedotcom/128.jpg"
127,"Khalil Jacobi","https://s3.amazonaws.com/uifaces/faces/twitter/8d3k/128.jpg"
128,"Missouri Predovic","https://s3.amazonaws.com/uifaces/faces/twitter/d00maz/128.jpg"
129,"Mrs. Colten Padberg","https://s3.amazonaws.com/uifaces/faces/twitter/johndezember/128.jpg"
130,"Jerad Casper","https://s3.amazonaws.com/uifaces/faces/twitter/greenbes/128.jpg"
131,"Caleigh O'Conner","https://s3.amazonaws.com/uifaces/faces/twitter/doooon/128.jpg"
132,"Johathan Brakus","https://s3.amazonaws.com/uifaces/faces/twitter/vj_demien/128.jpg"
133,"Amaya Ullrich","https://s3.amazonaws.com/uifaces/faces/twitter/phillapier/128.jpg"
134,"Dr. Alba Schamberger","https://s3.amazonaws.com/uifaces/faces/twitter/exentrich/128.jpg"
135,"Burley Beier","https://s3.amazonaws.com/uifaces/faces/twitter/aaronalfred/128.jpg"
136,"Noemy Murray","https://s3.amazonaws.com/uifaces/faces/twitter/_scottburgess/128.jpg"
137,"Meredith Herman","https://s3.amazonaws.com/uifaces/faces/twitter/bertboerland/128.jpg"
138,"Ruben Kemmer","https://s3.amazonaws.com/uifaces/faces/twitter/popey/128.jpg"
139,"Deangelo Daniel","https://s3.amazonaws.com/uifaces/faces/twitter/ryanjohnson_me/128.jpg"
140,"Barry Raynor","https://s3.amazonaws.com/uifaces/faces/twitter/jwalter14/128.jpg"
141,"Meagan Koepp","https://s3.amazonaws.com/uifaces/faces/twitter/samuelkraft/128.jpg"
142,"Madonna Schultz","https://s3.amazonaws.com/uifaces/faces/twitter/thiagovernetti/128.jpg"
143,"Clementina Boyle","https://s3.amazonaws.com/uifaces/faces/twitter/jay_wilburn/128.jpg"
144,"Royce Wuckert","https://s3.amazonaws.com/uifaces/faces/twitter/swaplord/128.jpg"
145,"Dimitri Upton","https://s3.amazonaws.com/uifaces/faces/twitter/rawdiggie/128.jpg"
146,"Myles Dare","https://s3.amazonaws.com/uifaces/faces/twitter/johnriordan/128.jpg"
147,"Osbaldo Parisian","https://s3.amazonaws.com/uifaces/faces/twitter/kylefoundry/128.jpg"
148,"Cheyenne Feeney PhD","https://s3.amazonaws.com/uifaces/faces/twitter/idiot/128.jpg"
149,"Pearl McLaughlin","https://s3.amazonaws.com/uifaces/faces/twitter/yehudab/128.jpg"
150,"Albina Connelly","https://s3.amazonaws.com/uifaces/faces/twitter/Stievius/128.jpg"
151,"Jermaine Hayes","https://s3.amazonaws.com/uifaces/faces/twitter/abovefunction/128.jpg"
152,"Johanna Rosenbaum","https://s3.amazonaws.com/uifaces/faces/twitter/axel/128.jpg"
153,"Eden Hauck","https://s3.amazonaws.com/uifaces/faces/twitter/richwild/128.jpg"
154,"Alverta Schiller","https://s3.amazonaws.com/uifaces/faces/twitter/angelcolberg/128.jpg"
155,"Mrs. Kameron Ebert","https://s3.amazonaws.com/uifaces/faces/twitter/ainsleywagon/128.jpg"
156,"Godfrey Rolfson","https://s3.amazonaws.com/uifaces/faces/twitter/tom_even/128.jpg"
157,"Addison Weissnat DDS","https://s3.amazonaws.com/uifaces/faces/twitter/thewillbeard/128.jpg"
158,"Abbie Senger","https://s3.amazonaws.com/uifaces/faces/twitter/holdenweb/128.jpg"
159,"Annie Pfeffer","https://s3.amazonaws.com/uifaces/faces/twitter/naitanamoreno/128.jpg"
160,"Rudy Tromp","https://s3.amazonaws.com/uifaces/faces/twitter/suprb/128.jpg"
161,"Paxton Pfannerstill","https://s3.amazonaws.com/uifaces/faces/twitter/codysanfilippo/128.jpg"
162,"Mr. Kariane Dach","https://s3.amazonaws.com/uifaces/faces/twitter/akmalfikri/128.jpg"
163,"Vincenzo Ebert","https://s3.amazonaws.com/uifaces/faces/twitter/ponchomendivil/128.jpg"
164,"Sasha Cummings IV","https://s3.amazonaws.com/uifaces/faces/twitter/caseycavanagh/128.jpg"
165,"August O'Kon","https://s3.amazonaws.com/uifaces/faces/twitter/stan/128.jpg"
166,"Hyman Romaguera","https://s3.amazonaws.com/uifaces/faces/twitter/thiagovernetti/128.jpg"
167,"Troy Pacocha","https://s3.amazonaws.com/uifaces/faces/twitter/dingyi/128.jpg"
168,"Skye Quigley DVM","https://s3.amazonaws.com/uifaces/faces/twitter/travis_arnold/128.jpg"
169,"Ora Jacobson","https://s3.amazonaws.com/uifaces/faces/twitter/angelceballos/128.jpg"
170,"Kobe Turner","https://s3.amazonaws.com/uifaces/faces/twitter/rpeezy/128.jpg"
171,"Chesley Stark","https://s3.amazonaws.com/uifaces/faces/twitter/sterlingrules/128.jpg"
172,"Vivien Marquardt","https://s3.amazonaws.com/uifaces/faces/twitter/konus/128.jpg"
173,"Kaylin Franecki","https://s3.amazonaws.com/uifaces/faces/twitter/okcoker/128.jpg"
174,"Ida Heathcote","https://s3.amazonaws.com/uifaces/faces/twitter/jonkspr/128.jpg"
175,"Heber Olson","https://s3.amazonaws.com/uifaces/faces/twitter/samihah/128.jpg"
176,"Felipe Parker","https://s3.amazonaws.com/uifaces/faces/twitter/matt3224/128.jpg"
177,"Aditya Yost","https://s3.amazonaws.com/uifaces/faces/twitter/mizko/128.jpg"
178,"Pinkie Wolf","https://s3.amazonaws.com/uifaces/faces/twitter/uberschizo/128.jpg"
179,"Hadley Hane","https://s3.amazonaws.com/uifaces/faces/twitter/joki4/128.jpg"
180,"Irwin Bailey","https://s3.amazonaws.com/uifaces/faces/twitter/josevnclch/128.jpg"
181,"Neil Champlin IV","https://s3.amazonaws.com/uifaces/faces/twitter/bluefx_/128.jpg"
182,"Omari Murphy","https://s3.amazonaws.com/uifaces/faces/twitter/scottiedude/128.jpg"
183,"Cary Koss","https://s3.amazonaws.com/uifaces/faces/twitter/rtgibbons/128.jpg"
184,"Jeanne Lubowitz","https://s3.amazonaws.com/uifaces/faces/twitter/ceekaytweet/128.jpg"
185,"Cleve Ebert I","https://s3.amazonaws.com/uifaces/faces/twitter/ivanfilipovbg/128.jpg"
186,"Ms. Amira Schroeder","https://s3.amazonaws.com/uifaces/faces/twitter/jacksonlatka/128.jpg"
187,"Jarret Stokes","https://s3.amazonaws.com/uifaces/faces/twitter/otozk/128.jpg"
188,"Saige Blanda","https://s3.amazonaws.com/uifaces/faces/twitter/scottgallant/128.jpg"
189,"Ms. Damian Glover","https://s3.amazonaws.com/uifaces/faces/twitter/maximseshuk/128.jpg"
190,"Abe Swift","https://s3.amazonaws.com/uifaces/faces/twitter/laasli/128.jpg"
191,"Elissa VonRueden","https://s3.amazonaws.com/uifaces/faces/twitter/saschamt/128.jpg"
192,"Wilton Heidenreich","https://s3.amazonaws.com/uifaces/faces/twitter/vickyshits/128.jpg"
193,"Braulio Moen","https://s3.amazonaws.com/uifaces/faces/twitter/msveet/128.jpg"
194,"Margarett Wisoky","https://s3.amazonaws.com/uifaces/faces/twitter/hgharrygo/128.jpg"
195,"Makenna Reichert","https://s3.amazonaws.com/uifaces/faces/twitter/Skyhartman/128.jpg"
196,"Miss Kolby Schulist","https://s3.amazonaws.com/uifaces/faces/twitter/mikemai2awesome/128.jpg"
197,"Jaren Hane","https://s3.amazonaws.com/uifaces/faces/twitter/finchjke/128.jpg"
198,"Carole Upton","https://s3.amazonaws.com/uifaces/faces/twitter/craighenneberry/128.jpg"
199,"Rosina Hettinger","https://s3.amazonaws.com/uifaces/faces/twitter/snowshade/128.jpg"
200,"Alayna Beer","https://s3.amazonaws.com/uifaces/faces/twitter/Chakintosh/128.jpg"
201,"Waino Schuster I","https://s3.amazonaws.com/uifaces/faces/twitter/martinansty/128.jpg"
202,"Jerrold Zulauf","https://s3.amazonaws.com/uifaces/faces/twitter/urrutimeoli/128.jpg"
203,"Donnie Weimann","https://s3.amazonaws.com/uifaces/faces/twitter/louis_currie/128.jpg"
204,"Keenan Conn","https://s3.amazonaws.com/uifaces/faces/twitter/mhudobivnik/128.jpg"
205,"Julio Ondricka","https://s3.amazonaws.com/uifaces/faces/twitter/popey/128.jpg"
206,"Eveline Barton MD","https://s3.amazonaws.com/uifaces/faces/twitter/kuldarkalvik/128.jpg"
207,"Raphael Luettgen III","https://s3.amazonaws.com/uifaces/faces/twitter/bigmancho/128.jpg"
208,"Patricia Schowalter","https://s3.amazonaws.com/uifaces/faces/twitter/amywebbb/128.jpg"
209,"Ewell Robel","https://s3.amazonaws.com/uifaces/faces/twitter/oskarlevinson/128.jpg"
210,"Felix Ebert V","https://s3.amazonaws.com/uifaces/faces/twitter/teddyzetterlund/128.jpg"
211,"Justyn Kiehn","https://s3.amazonaws.com/uifaces/faces/twitter/kikillo/128.jpg"
212,"Ms. Vallie Denesik","https://s3.amazonaws.com/uifaces/faces/twitter/S0ufi4n3/128.jpg"
213,"Ettie Hudson","https://s3.amazonaws.com/uifaces/faces/twitter/shadeed9/128.jpg"
214,"Ms. Mozell Kuhn","https://s3.amazonaws.com/uifaces/faces/twitter/rohixx/128.jpg"
215,"Iliana Rempel","https://s3.amazonaws.com/uifaces/faces/twitter/jnmnrd/128.jpg"
216,"Imelda Nicolas","https://s3.amazonaws.com/uifaces/faces/twitter/flashmurphy/128.jpg"
217,"Kailee Renner","https://s3.amazonaws.com/uifaces/faces/twitter/haligaliharun/128.jpg"
218,"Felipa Stroman","https://s3.amazonaws.com/uifaces/faces/twitter/sachingawas/128.jpg"
219,"Cordia Doyle","https://s3.amazonaws.com/uifaces/faces/twitter/iamkeithmason/128.jpg"
220,"Dr. Pansy D'Amore","https://s3.amazonaws.com/uifaces/faces/twitter/brandonmorreale/128.jpg"
221,"Joelle Bailey","https://s3.amazonaws.com/uifaces/faces/twitter/adellecharles/128.jpg"
222,"Vilma Sporer","https://s3.amazonaws.com/uifaces/faces/twitter/kevinjohndayy/128.jpg"
223,"Billy Auer","https://s3.amazonaws.com/uifaces/faces/twitter/kerem/128.jpg"
224,"Tara Gibson IV","https://s3.amazonaws.com/uifaces/faces/twitter/thomasschrijer/128.jpg"
225,"Otilia Parisian","https://s3.amazonaws.com/uifaces/faces/twitter/slowspock/128.jpg"
226,"Martin Corkery","https://s3.amazonaws.com/uifaces/faces/twitter/0therplanet/128.jpg"
227,"Bridgette Reynolds","https://s3.amazonaws.com/uifaces/faces/twitter/dactrtr/128.jpg"
228,"Edd Cronin","https://s3.amazonaws.com/uifaces/faces/twitter/kapaluccio/128.jpg"
229,"Mrs. Kristin Bernhard","https://s3.amazonaws.com/uifaces/faces/twitter/longlivemyword/128.jpg"
230,"Emelie Koch","https://s3.amazonaws.com/uifaces/faces/twitter/evandrix/128.jpg"
231,"Freda Marquardt","https://s3.amazonaws.com/uifaces/faces/twitter/johnriordan/128.jpg"
232,"Ernestine Weimann","https://s3.amazonaws.com/uifaces/faces/twitter/g3d/128.jpg"
233,"Karlie Kris","https://s3.amazonaws.com/uifaces/faces/twitter/maxlinderman/128.jpg"
234,"Kaia Pfannerstill","https://s3.amazonaws.com/uifaces/faces/twitter/yalozhkin/128.jpg"
235,"David Gottlieb","https://s3.amazonaws.com/uifaces/faces/twitter/mutlu82/128.jpg"
236,"Miss Bartholome Kuphal","https://s3.amazonaws.com/uifaces/faces/twitter/hermanobrother/128.jpg"
237,"Justice McDermott","https://s3.amazonaws.com/uifaces/faces/twitter/eduardostuart/128.jpg"
238,"Toy Abshire II","https://s3.amazonaws.com/uifaces/faces/twitter/danro/128.jpg"
239,"Maeve O'Connell","https://s3.amazonaws.com/uifaces/faces/twitter/abovefunction/128.jpg"
240,"Frederick Kohler","https://s3.amazonaws.com/uifaces/faces/twitter/petrangr/128.jpg"
241,"Evalyn Zieme","https://s3.amazonaws.com/uifaces/faces/twitter/kerem/128.jpg"
242,"Marilyne Dach","https://s3.amazonaws.com/uifaces/faces/twitter/andrewabogado/128.jpg"
243,"Dolores Bernier","https://s3.amazonaws.com/uifaces/faces/twitter/lvovenok/128.jpg"
244,"Genevieve Waelchi","https://s3.amazonaws.com/uifaces/faces/twitter/zvchkelly/128.jpg"
245,"Misael Lang","https://s3.amazonaws.com/uifaces/faces/twitter/darcystonge/128.jpg"
246,"Felix Ledner","https://s3.amazonaws.com/uifaces/faces/twitter/arindam_/128.jpg"
247,"Nella Beer","https://s3.amazonaws.com/uifaces/faces/twitter/urrutimeoli/128.jpg"
248,"Alene DuBuque DVM","https://s3.amazonaws.com/uifaces/faces/twitter/akashsharma39/128.jpg"
249,"Flo Watsica","https://s3.amazonaws.com/uifaces/faces/twitter/sur4dye/128.jpg"
250,"Jewell Schneider","https://s3.amazonaws.com/uifaces/faces/twitter/vickyshits/128.jpg"
251,"Bertrand Baumbach MD","https://s3.amazonaws.com/uifaces/faces/twitter/kamal_chaneman/128.jpg"
252,"Jana Dare","https://s3.amazonaws.com/uifaces/faces/twitter/hjartstrorn/128.jpg"
253,"Rick O'Keefe","https://s3.amazonaws.com/uifaces/faces/twitter/jehnglynn/128.jpg"
254,"Rhoda Keeling","https://s3.amazonaws.com/uifaces/faces/twitter/chanpory/128.jpg"
255,"Lance McClure","https://s3.amazonaws.com/uifaces/faces/twitter/buzzusborne/128.jpg"
256,"Edwardo Moore","https://s3.amazonaws.com/uifaces/faces/twitter/lebronjennan/128.jpg"
257,"Miss Pinkie Tremblay","https://s3.amazonaws.com/uifaces/faces/twitter/juanmamartinez/128.jpg"
258,"Karlie Cruickshank","https://s3.amazonaws.com/uifaces/faces/twitter/snowshade/128.jpg"
259,"Creola Reichel","https://s3.amazonaws.com/uifaces/faces/twitter/arpitnj/128.jpg"
260,"Finn Luettgen","https://s3.amazonaws.com/uifaces/faces/twitter/petar_prog/128.jpg"
261,"Dr. Katheryn Watsica","https://s3.amazonaws.com/uifaces/faces/twitter/dhooyenga/128.jpg"
262,"Etha Harris","https://s3.amazonaws.com/uifaces/faces/twitter/weavermedia/128.jpg"
263,"Edwardo Hahn","https://s3.amazonaws.com/uifaces/faces/twitter/byryan/128.jpg"
264,"Toney Kutch","https://s3.amazonaws.com/uifaces/faces/twitter/mirfanqureshi/128.jpg"
265,"Dr. Lionel Pouros","https://s3.amazonaws.com/uifaces/faces/twitter/sachacorazzi/128.jpg"
266,"Meagan Jenkins","https://s3.amazonaws.com/uifaces/faces/twitter/ashocka18/128.jpg"
267,"Adriana Bailey","https://s3.amazonaws.com/uifaces/faces/twitter/millinet/128.jpg"
268,"Freeman Mann","https://s3.amazonaws.com/uifaces/faces/twitter/raphaelnikson/128.jpg"
269,"Juston Bailey","https://s3.amazonaws.com/uifaces/faces/twitter/joelhelin/128.jpg"
270,"Ms. Madge Schiller","https://s3.amazonaws.com/uifaces/faces/twitter/gmourier/128.jpg"
271,"Marisa Ritchie","https://s3.amazonaws.com/uifaces/faces/twitter/dixchen/128.jpg"
272,"Macie Langosh","https://s3.amazonaws.com/uifaces/faces/twitter/hjartstrorn/128.jpg"
273,"Ms. Johnny Wunsch","https://s3.amazonaws.com/uifaces/faces/twitter/perretmagali/128.jpg"
274,"Roger Douglas","https://s3.amazonaws.com/uifaces/faces/twitter/wtrsld/128.jpg"
275,"Miss Janick O'Keefe","https://s3.amazonaws.com/uifaces/faces/twitter/sindresorhus/128.jpg"
276,"Abigale Eichmann Sr.","https://s3.amazonaws.com/uifaces/faces/twitter/spacewood_/128.jpg"
277,"Sadie Harvey","https://s3.amazonaws.com/uifaces/faces/twitter/lowie/128.jpg"
278,"Milton Christiansen","https://s3.amazonaws.com/uifaces/faces/twitter/colgruv/128.jpg"
279,"Marion Schuster","https://s3.amazonaws.com/uifaces/faces/twitter/rawdiggie/128.jpg"
280,"Ardith Kirlin","https://s3.amazonaws.com/uifaces/faces/twitter/jefffis/128.jpg"
281,"Breanne Will","https://s3.amazonaws.com/uifaces/faces/twitter/envex/128.jpg"
282,"Ms. Chase Botsford","https://s3.amazonaws.com/uifaces/faces/twitter/nilshoenson/128.jpg"
283,"Felicia Corkery","https://s3.amazonaws.com/uifaces/faces/twitter/osmond/128.jpg"
284,"Doyle Lemke","https://s3.amazonaws.com/uifaces/faces/twitter/joeymurdah/128.jpg"
285,"Garrison Nitzsche","https://s3.amazonaws.com/uifaces/faces/twitter/faisalabid/128.jpg"
286,"Leonel Murphy","https://s3.amazonaws.com/uifaces/faces/twitter/abdulhyeuk/128.jpg"
287,"Brianne Jerde","https://s3.amazonaws.com/uifaces/faces/twitter/aoimedia/128.jpg"
288,"Dr. Delpha Zemlak","https://s3.amazonaws.com/uifaces/faces/twitter/mekal/128.jpg"
289,"Samanta Roberts","https://s3.amazonaws.com/uifaces/faces/twitter/the_purplebunny/128.jpg"
290,"Benton Prosacco","https://s3.amazonaws.com/uifaces/faces/twitter/blakesimkins/128.jpg"
291,"Randi Rippin","https://s3.amazonaws.com/uifaces/faces/twitter/stevedesigner/128.jpg"
292,"Chaz Breitenberg","https://s3.amazonaws.com/uifaces/faces/twitter/jydesign/128.jpg"
293,"Jacynthe West","https://s3.amazonaws.com/uifaces/faces/twitter/kerem/128.jpg"
294,"Arlie Orn","https://s3.amazonaws.com/uifaces/faces/twitter/bistrianiosip/128.jpg"
295,"Fanny Lind","https://s3.amazonaws.com/uifaces/faces/twitter/marcoramires/128.jpg"
296,"Sabrina Little","https://s3.amazonaws.com/uifaces/faces/twitter/doronmalki/128.jpg"
297,"Idella Hackett","https://s3.amazonaws.com/uifaces/faces/twitter/benoitboucart/128.jpg"
298,"Bernie Mueller","https://s3.amazonaws.com/uifaces/faces/twitter/_pedropinho/128.jpg"
299,"Garrick Gerlach","https://s3.amazonaws.com/uifaces/faces/twitter/mikaeljorhult/128.jpg"
300,"Jazmin Balistreri","https://s3.amazonaws.com/uifaces/faces/twitter/stevedesigner/128.jpg"
301,"Callie Hyatt","https://s3.amazonaws.com/uifaces/faces/twitter/kolmarlopez/128.jpg"
302,"Mrs. Andy Dare","https://s3.amazonaws.com/uifaces/faces/twitter/victorstuber/128.jpg"
303,"Alisa Pfannerstill","https://s3.amazonaws.com/uifaces/faces/twitter/nsamoylov/128.jpg"
304,"Casey Kozey","https://s3.amazonaws.com/uifaces/faces/twitter/atanism/128.jpg"
305,"Hattie Leannon","https://s3.amazonaws.com/uifaces/faces/twitter/kostaspt/128.jpg"
306,"Bobby Stoltenberg","https://s3.amazonaws.com/uifaces/faces/twitter/SULiik/128.jpg"
307,"Mrs. Clint Marks","https://s3.amazonaws.com/uifaces/faces/twitter/m4rio/128.jpg"
308,"Kevin Terry PhD","https://s3.amazonaws.com/uifaces/faces/twitter/cboller1/128.jpg"
309,"Domenico Towne","https://s3.amazonaws.com/uifaces/faces/twitter/gofrasdesign/128.jpg"
310,"Miss Howard Morissette","https://s3.amazonaws.com/uifaces/faces/twitter/balintorosz/128.jpg"
311,"Maribel Herzog","https://s3.amazonaws.com/uifaces/faces/twitter/SlaapMe/128.jpg"
312,"Mrs. Lexus Marvin","https://s3.amazonaws.com/uifaces/faces/twitter/paulfarino/128.jpg"
313,"Harrison Sporer","https://s3.amazonaws.com/uifaces/faces/twitter/nerrsoft/128.jpg"
314,"Jerrod Durgan","https://s3.amazonaws.com/uifaces/faces/twitter/IsaryAmairani/128.jpg"
315,"Nikki Aufderhar","https://s3.amazonaws.com/uifaces/faces/twitter/cadikkara/128.jpg"
316,"Jordy Jaskolski","https://s3.amazonaws.com/uifaces/faces/twitter/hota_v/128.jpg"
317,"Miss Julia Carter","https://s3.amazonaws.com/uifaces/faces/twitter/sandywoodruff/128.jpg"
318,"Merritt Mueller","https://s3.amazonaws.com/uifaces/faces/twitter/iamgarth/128.jpg"
319,"Amely Kris","https://s3.amazonaws.com/uifaces/faces/twitter/kucingbelang4/128.jpg"
320,"Leila Keeling PhD","https://s3.amazonaws.com/uifaces/faces/twitter/overra/128.jpg"
321,"Vicente Lueilwitz","https://s3.amazonaws.com/uifaces/faces/twitter/matt3224/128.jpg"
322,"Jazmin Olson","https://s3.amazonaws.com/uifaces/faces/twitter/nickfratter/128.jpg"
323,"Earl Schmitt","https://s3.amazonaws.com/uifaces/faces/twitter/mdsisto/128.jpg"
324,"Casey Schuster","https://s3.amazonaws.com/uifaces/faces/twitter/bublienko/128.jpg"
325,"Oma Quitzon","https://s3.amazonaws.com/uifaces/faces/twitter/yayteejay/128.jpg"
326,"Rogers Bosco","https://s3.amazonaws.com/uifaces/faces/twitter/michaelcolenso/128.jpg"
327,"Maymie Leffler","https://s3.amazonaws.com/uifaces/faces/twitter/uxpiper/128.jpg"
328,"Otha Cummings","https://s3.amazonaws.com/uifaces/faces/twitter/heyimjuani/128.jpg"
329,"Queen Emmerich","https://s3.amazonaws.com/uifaces/faces/twitter/happypeter1983/128.jpg"
330,"Dr. Mikel Stokes","https://s3.amazonaws.com/uifaces/faces/twitter/kamal_chaneman/128.jpg"
331,"Susana Wiza","https://s3.amazonaws.com/uifaces/faces/twitter/nathalie_fs/128.jpg"
332,"Carlie Quitzon","https://s3.amazonaws.com/uifaces/faces/twitter/ryanmclaughlin/128.jpg"
333,"Sydnie Waelchi","https://s3.amazonaws.com/uifaces/faces/twitter/alek_djuric/128.jpg"
334,"Albert Nitzsche MD","https://s3.amazonaws.com/uifaces/faces/twitter/ripplemdk/128.jpg"
335,"Oren Kreiger","https://s3.amazonaws.com/uifaces/faces/twitter/souperphly/128.jpg"
336,"Damion Bins","https://s3.amazonaws.com/uifaces/faces/twitter/syropian/128.jpg"
337,"Paula O'Connell","https://s3.amazonaws.com/uifaces/faces/twitter/gearpixels/128.jpg"
338,"Miss Orlando Wisoky","https://s3.amazonaws.com/uifaces/faces/twitter/lebinoclard/128.jpg"
339,"Sydnee Tremblay","https://s3.amazonaws.com/uifaces/faces/twitter/tweetubhai/128.jpg"
340,"Lance King","https://s3.amazonaws.com/uifaces/faces/twitter/yalozhkin/128.jpg"
341,"Ronaldo Donnelly Jr.","https://s3.amazonaws.com/uifaces/faces/twitter/ahmetsulek/128.jpg"
342,"Beulah Oberbrunner","https://s3.amazonaws.com/uifaces/faces/twitter/el_fuertisimo/128.jpg"
343,"Webster Ledner","https://s3.amazonaws.com/uifaces/faces/twitter/thekevinjones/128.jpg"
344,"Alvena Bergnaum","https://s3.amazonaws.com/uifaces/faces/twitter/dnirmal/128.jpg"
345,"Jerel Cormier","https://s3.amazonaws.com/uifaces/faces/twitter/0therplanet/128.jpg"
346,"Helmer Swift","https://s3.amazonaws.com/uifaces/faces/twitter/samuelkraft/128.jpg"
347,"Mallory Witting","https://s3.amazonaws.com/uifaces/faces/twitter/mattdetails/128.jpg"
348,"Dr. Isac Johns","https://s3.amazonaws.com/uifaces/faces/twitter/brajeshwar/128.jpg"
349,"Jeromy Collins","https://s3.amazonaws.com/uifaces/faces/twitter/arthurholcombe1/128.jpg"
350,"Cornelius Lindgren","https://s3.amazonaws.com/uifaces/faces/twitter/mr_shiznit/128.jpg"
351,"Dorian Towne","https://s3.amazonaws.com/uifaces/faces/twitter/collegeman/128.jpg"
352,"Miss Veda D'Amore","https://s3.amazonaws.com/uifaces/faces/twitter/rweve/128.jpg"
353,"Emerson Orn","https://s3.amazonaws.com/uifaces/faces/twitter/mattdetails/128.jpg"
354,"Zachary McDermott","https://s3.amazonaws.com/uifaces/faces/twitter/scottgallant/128.jpg"
355,"Sarina McCullough","https://s3.amazonaws.com/uifaces/faces/twitter/carlosm/128.jpg"
356,"Jalen McCullough","https://s3.amazonaws.com/uifaces/faces/twitter/ryankirkman/128.jpg"
357,"Mauricio Sauer","https://s3.amazonaws.com/uifaces/faces/twitter/andrewofficer/128.jpg"
358,"Shad Moore","https://s3.amazonaws.com/uifaces/faces/twitter/BrianPurkiss/128.jpg"
359,"Deshawn Jones","https://s3.amazonaws.com/uifaces/faces/twitter/andytlaw/128.jpg"
360,"Stone Zemlak","https://s3.amazonaws.com/uifaces/faces/twitter/taylorling/128.jpg"
361,"Casandra Robel","https://s3.amazonaws.com/uifaces/faces/twitter/dotgridline/128.jpg"
362,"Kari Marquardt","https://s3.amazonaws.com/uifaces/faces/twitter/denisepires/128.jpg"
363,"Ellsworth Jast","https://s3.amazonaws.com/uifaces/faces/twitter/kevinjohndayy/128.jpg"
364,"Marquis Collins","https://s3.amazonaws.com/uifaces/faces/twitter/afusinatto/128.jpg"
365,"Maynard Osinski V","https://s3.amazonaws.com/uifaces/faces/twitter/mohanrohith/128.jpg"
366,"Sid Kris","https://s3.amazonaws.com/uifaces/faces/twitter/_kkga/128.jpg"
367,"Gladys Schoen IV","https://s3.amazonaws.com/uifaces/faces/twitter/arpitnj/128.jpg"
368,"Mrs. Terence Wuckert","https://s3.amazonaws.com/uifaces/faces/twitter/aviddayentonbay/128.jpg"
369,"Gay Will","https://s3.amazonaws.com/uifaces/faces/twitter/jervo/128.jpg"
370,"Mrs. Ludwig Rempel","https://s3.amazonaws.com/uifaces/faces/twitter/thierrymeier_/128.jpg"
371,"Marcia Cole","https://s3.amazonaws.com/uifaces/faces/twitter/anjhero/128.jpg"
372,"Leanna Koelpin","https://s3.amazonaws.com/uifaces/faces/twitter/dixchen/128.jpg"
373,"Karli Keeling","https://s3.amazonaws.com/uifaces/faces/twitter/marklamb/128.jpg"
374,"Tyreek Kessler","https://s3.amazonaws.com/uifaces/faces/twitter/magugzbrand2d/128.jpg"
375,"Ms. Deondre Crist","https://s3.amazonaws.com/uifaces/faces/twitter/shanehudson/128.jpg"
376,"Ada Bogisich","https://s3.amazonaws.com/uifaces/faces/twitter/syropian/128.jpg"
377,"Ray Crooks","https://s3.amazonaws.com/uifaces/faces/twitter/kushsolitary/128.jpg"
378,"Dr. Tristian Yost","https://s3.amazonaws.com/uifaces/faces/twitter/normanbox/128.jpg"
379,"Kathleen Kulas","https://s3.amazonaws.com/uifaces/faces/twitter/SlaapMe/128.jpg"
380,"Dr. Luis Rodriguez","https://s3.amazonaws.com/uifaces/faces/twitter/danro/128.jpg"
381,"Ruth Brown","https://s3.amazonaws.com/uifaces/faces/twitter/alecarpentier/128.jpg"
382,"Cordell Kris","https://s3.amazonaws.com/uifaces/faces/twitter/designervzm/128.jpg"
383,"Dr. Francis Emard","https://s3.amazonaws.com/uifaces/faces/twitter/ponchomendivil/128.jpg"
384,"Brooklyn Bogisich","https://s3.amazonaws.com/uifaces/faces/twitter/falling_soul/128.jpg"
385,"Isabella Hoeger","https://s3.amazonaws.com/uifaces/faces/twitter/adellecharles/128.jpg"
386,"Tressa Keeling","https://s3.amazonaws.com/uifaces/faces/twitter/wake_gs/128.jpg"
387,"Mrs. Dominic Schumm","https://s3.amazonaws.com/uifaces/faces/twitter/itstotallyamy/128.jpg"
388,"Mina Dare II","https://s3.amazonaws.com/uifaces/faces/twitter/adammarsbar/128.jpg"
389,"Viva Kirlin","https://s3.amazonaws.com/uifaces/faces/twitter/dansowter/128.jpg"
390,"Greta Shanahan","https://s3.amazonaws.com/uifaces/faces/twitter/serefka/128.jpg"
391,"Sasha Schuppe","https://s3.amazonaws.com/uifaces/faces/twitter/bistrianiosip/128.jpg"
392,"Whitney Maggio","https://s3.amazonaws.com/uifaces/faces/twitter/langate/128.jpg"
393,"Avery Feil","https://s3.amazonaws.com/uifaces/faces/twitter/joetruesdell/128.jpg"
394,"Hayden Hane","https://s3.amazonaws.com/uifaces/faces/twitter/taybenlor/128.jpg"
395,"Pat Kuhn","https://s3.amazonaws.com/uifaces/faces/twitter/urrutimeoli/128.jpg"
396,"Aiyana Hintz","https://s3.amazonaws.com/uifaces/faces/twitter/manigm/128.jpg"
397,"Aurelia Conroy","https://s3.amazonaws.com/uifaces/faces/twitter/scottfeltham/128.jpg"
398,"Mr. Cristina Schulist","https://s3.amazonaws.com/uifaces/faces/twitter/jjsiii/128.jpg"
399,"Deborah Mayert","https://s3.amazonaws.com/uifaces/faces/twitter/cofla/128.jpg"
400,"Kayden Boyer","https://s3.amazonaws.com/uifaces/faces/twitter/knilob/128.jpg"
401,"Rosina Kulas","https://s3.amazonaws.com/uifaces/faces/twitter/a_brixen/128.jpg"
402,"Ashlee Nitzsche","https://s3.amazonaws.com/uifaces/faces/twitter/anjhero/128.jpg"
403,"Brisa Kerluke","https://s3.amazonaws.com/uifaces/faces/twitter/_williamguerra/128.jpg"
404,"Elwyn Ward","https://s3.amazonaws.com/uifaces/faces/twitter/nicoleglynn/128.jpg"
405,"Keanu Hermann","https://s3.amazonaws.com/uifaces/faces/twitter/silv3rgvn/128.jpg"
406,"Ted Roberts","https://s3.amazonaws.com/uifaces/faces/twitter/simobenso/128.jpg"
407,"Kylee Mohr","https://s3.amazonaws.com/uifaces/faces/twitter/lonesomelemon/128.jpg"
408,"Kaylah Bogisich DVM","https://s3.amazonaws.com/uifaces/faces/twitter/stephcoue/128.jpg"
409,"Dean Yost MD","https://s3.amazonaws.com/uifaces/faces/twitter/adammarsbar/128.jpg"
410,"Devonte Armstrong","https://s3.amazonaws.com/uifaces/faces/twitter/rpatey/128.jpg"
411,"Trevion Schmidt","https://s3.amazonaws.com/uifaces/faces/twitter/ovall/128.jpg"
412,"Claud Johnston","https://s3.amazonaws.com/uifaces/faces/twitter/mocabyte/128.jpg"
413,"Louisa Hauck","https://s3.amazonaws.com/uifaces/faces/twitter/bboy1895/128.jpg"
414,"Khalid Weissnat MD","https://s3.amazonaws.com/uifaces/faces/twitter/primozcigler/128.jpg"
415,"Jarred Beahan","https://s3.amazonaws.com/uifaces/faces/twitter/chaabane_wail/128.jpg"
416,"Will Steuber II","https://s3.amazonaws.com/uifaces/faces/twitter/gmourier/128.jpg"
417,"Vivien Shanahan","https://s3.amazonaws.com/uifaces/faces/twitter/boxmodel/128.jpg"
418,"Moshe Muller","https://s3.amazonaws.com/uifaces/faces/twitter/carlyson/128.jpg"
419,"Nicolas Haley","https://s3.amazonaws.com/uifaces/faces/twitter/rude/128.jpg"
420,"Clement Kreiger","https://s3.amazonaws.com/uifaces/faces/twitter/samihah/128.jpg"
421,"Torrey Mann","https://s3.amazonaws.com/uifaces/faces/twitter/sawrb/128.jpg"
422,"Alessia Berge","https://s3.amazonaws.com/uifaces/faces/twitter/polarity/128.jpg"
423,"Vincenzo Kovacek","https://s3.amazonaws.com/uifaces/faces/twitter/jackiesaik/128.jpg"
424,"Stephanie O'Reilly","https://s3.amazonaws.com/uifaces/faces/twitter/syropian/128.jpg"
425,"Dr. April Bartoletti","https://s3.amazonaws.com/uifaces/faces/twitter/xripunov/128.jpg"
426,"Mr. Orville Lang","https://s3.amazonaws.com/uifaces/faces/twitter/vlajki/128.jpg"
427,"Gabriella Heathcote III","https://s3.amazonaws.com/uifaces/faces/twitter/dawidwu/128.jpg"
428,"Mr. Ona Corkery","https://s3.amazonaws.com/uifaces/faces/twitter/flashmurphy/128.jpg"
429,"Marcus Haley","https://s3.amazonaws.com/uifaces/faces/twitter/andrewabogado/128.jpg"
430,"Elmira Wilderman","https://s3.amazonaws.com/uifaces/faces/twitter/wikiziner/128.jpg"
431,"Cassie Hand","https://s3.amazonaws.com/uifaces/faces/twitter/dss49/128.jpg"
432,"Favian Ziemann DDS","https://s3.amazonaws.com/uifaces/faces/twitter/dparrelli/128.jpg"
433,"Roxanne Satterfield","https://s3.amazonaws.com/uifaces/faces/twitter/jodytaggart/128.jpg"
434,"Rahul Marvin","https://s3.amazonaws.com/uifaces/faces/twitter/edobene/128.jpg"
435,"Bill Murazik","https://s3.amazonaws.com/uifaces/faces/twitter/kaelifa/128.jpg"
436,"Gudrun Hills","https://s3.amazonaws.com/uifaces/faces/twitter/shanehudson/128.jpg"
437,"Sidney Lynch","https://s3.amazonaws.com/uifaces/faces/twitter/thewillbeard/128.jpg"
438,"Aida Grant","https://s3.amazonaws.com/uifaces/faces/twitter/eitarafa/128.jpg"
439,"Shane Hintz","https://s3.amazonaws.com/uifaces/faces/twitter/ccinojasso1/128.jpg"
440,"Alicia Botsford","https://s3.amazonaws.com/uifaces/faces/twitter/balintorosz/128.jpg"
441,"Coralie Connelly","https://s3.amazonaws.com/uifaces/faces/twitter/johnriordan/128.jpg"
442,"Kyle Littel DVM","https://s3.amazonaws.com/uifaces/faces/twitter/to_soham/128.jpg"
443,"Noemi Gleason","https://s3.amazonaws.com/uifaces/faces/twitter/afusinatto/128.jpg"
444,"Mr. Larry Watsica","https://s3.amazonaws.com/uifaces/faces/twitter/jedbridges/128.jpg"
445,"Heath Farrell","https://s3.amazonaws.com/uifaces/faces/twitter/stushona/128.jpg"
446,"Glennie Bahringer","https://s3.amazonaws.com/uifaces/faces/twitter/soyjavi/128.jpg"
447,"Karolann Waters","https://s3.amazonaws.com/uifaces/faces/twitter/naitanamoreno/128.jpg"
448,"Marlin Bayer","https://s3.amazonaws.com/uifaces/faces/twitter/juaumlol/128.jpg"
449,"Coralie Schultz","https://s3.amazonaws.com/uifaces/faces/twitter/missaaamy/128.jpg"
450,"Orion Gulgowski","https://s3.amazonaws.com/uifaces/faces/twitter/strikewan/128.jpg"
451,"Wallace Keeling MD","https://s3.amazonaws.com/uifaces/faces/twitter/rahmeen/128.jpg"
452,"Orpha Rolfson","https://s3.amazonaws.com/uifaces/faces/twitter/sasha_shestakov/128.jpg"
453,"Dr. Dasia Hyatt","https://s3.amazonaws.com/uifaces/faces/twitter/stalewine/128.jpg"
454,"Madge Schulist","https://s3.amazonaws.com/uifaces/faces/twitter/s4f1/128.jpg"
455,"Mr. Darrion Wolff","https://s3.amazonaws.com/uifaces/faces/twitter/robbschiller/128.jpg"
456,"Mr. Quinten Frami","https://s3.amazonaws.com/uifaces/faces/twitter/notbadart/128.jpg"
457,"Robb Dickinson","https://s3.amazonaws.com/uifaces/faces/twitter/andresdjasso/128.jpg"
458,"Elmira Koepp","https://s3.amazonaws.com/uifaces/faces/twitter/osvaldas/128.jpg"
459,"Braeden Pouros","https://s3.amazonaws.com/uifaces/faces/twitter/gabrielrosser/128.jpg"
460,"Elvie Gutmann","https://s3.amazonaws.com/uifaces/faces/twitter/2fockus/128.jpg"
461,"Josianne Wolff","https://s3.amazonaws.com/uifaces/faces/twitter/russell_baylis/128.jpg"
462,"Kolby Turner IV","https://s3.amazonaws.com/uifaces/faces/twitter/psaikali/128.jpg"
463,"Ardith Ratke","https://s3.amazonaws.com/uifaces/faces/twitter/francis_vega/128.jpg"
464,"Nicholas Corkery I","https://s3.amazonaws.com/uifaces/faces/twitter/dannol/128.jpg"
465,"Heidi Jakubowski DDS","https://s3.amazonaws.com/uifaces/faces/twitter/cyril_gaillard/128.jpg"
466,"Demario Rice","https://s3.amazonaws.com/uifaces/faces/twitter/estebanuribe/128.jpg"
467,"Marcelle Mayert","https://s3.amazonaws.com/uifaces/faces/twitter/duivvv/128.jpg"
468,"Athena Corkery","https://s3.amazonaws.com/uifaces/faces/twitter/andyisonline/128.jpg"
469,"Benedict McCullough","https://s3.amazonaws.com/uifaces/faces/twitter/edkf/128.jpg"
470,"Dolly Larkin","https://s3.amazonaws.com/uifaces/faces/twitter/carlosjgsousa/128.jpg"
471,"Juliet Cummings","https://s3.amazonaws.com/uifaces/faces/twitter/faisalabid/128.jpg"
472,"Friedrich Wolff","https://s3.amazonaws.com/uifaces/faces/twitter/croakx/128.jpg"
473,"Betsy Renner","https://s3.amazonaws.com/uifaces/faces/twitter/davidcazalis/128.jpg"
474,"Sim King","https://s3.amazonaws.com/uifaces/faces/twitter/nastya_mane/128.jpg"
475,"Beulah Rogahn","https://s3.amazonaws.com/uifaces/faces/twitter/bassamology/128.jpg"
476,"Jaime Willms","https://s3.amazonaws.com/uifaces/faces/twitter/daykiine/128.jpg"
477,"Miss Leslie Langosh","https://s3.amazonaws.com/uifaces/faces/twitter/dc_user/128.jpg"
478,"Deondre Crist Sr.","https://s3.amazonaws.com/uifaces/faces/twitter/saulihirvi/128.jpg"
479,"Ashleigh Jakubowski","https://s3.amazonaws.com/uifaces/faces/twitter/uxpiper/128.jpg"
480,"Mrs. Casimer Ernser","https://s3.amazonaws.com/uifaces/faces/twitter/boxmodel/128.jpg"
481,"Cody Rodriguez","https://s3.amazonaws.com/uifaces/faces/twitter/batsirai/128.jpg"
482,"Minerva Kovacek","https://s3.amazonaws.com/uifaces/faces/twitter/taybenlor/128.jpg"
483,"London Oberbrunner PhD","https://s3.amazonaws.com/uifaces/faces/twitter/lonesomelemon/128.jpg"
484,"Ms. Darrion Johns","https://s3.amazonaws.com/uifaces/faces/twitter/tomaslau/128.jpg"
485,"Kaya Mueller","https://s3.amazonaws.com/uifaces/faces/twitter/ajaxy_ru/128.jpg"
486,"Katrina Mills","https://s3.amazonaws.com/uifaces/faces/twitter/bartjo/128.jpg"
487,"Jeanette Wisoky","https://s3.amazonaws.com/uifaces/faces/twitter/jeremiespoken/128.jpg"
488,"Dr. Rachelle Oberbrunner","https://s3.amazonaws.com/uifaces/faces/twitter/rtgibbons/128.jpg"
489,"Donnell Anderson","https://s3.amazonaws.com/uifaces/faces/twitter/chrisslowik/128.jpg"
490,"Dr. Krystel Denesik","https://s3.amazonaws.com/uifaces/faces/twitter/dansowter/128.jpg"
491,"Deanna Becker","https://s3.amazonaws.com/uifaces/faces/twitter/m4rio/128.jpg"
492,"Beryl Koelpin","https://s3.amazonaws.com/uifaces/faces/twitter/rweve/128.jpg"
493,"Casey Kassulke Jr.","https://s3.amazonaws.com/uifaces/faces/twitter/pyronite/128.jpg"
494,"Citlalli Runolfsson","https://s3.amazonaws.com/uifaces/faces/twitter/iamkarna/128.jpg"
495,"Chanel Lesch","https://s3.amazonaws.com/uifaces/faces/twitter/betraydan/128.jpg"
496,"Jamie Grady","https://s3.amazonaws.com/uifaces/faces/twitter/tur8le/128.jpg"
497,"Dr. Eladio Franecki","https://s3.amazonaws.com/uifaces/faces/twitter/joshmedeski/128.jpg"
498,"Corbin Gibson","https://s3.amazonaws.com/uifaces/faces/twitter/fabbrucci/128.jpg"
499,"Vallie D'Amore I","https://s3.amazonaws.com/uifaces/faces/twitter/nbirckel/128.jpg"
500,"Abbigail Stokes","https://s3.amazonaws.com/uifaces/faces/twitter/afusinatto/128.jpg"
501,"Jessica Moore","https://s3.amazonaws.com/uifaces/faces/twitter/hjartstrorn/128.jpg"
502,"Carter Bailey DVM","https://s3.amazonaws.com/uifaces/faces/twitter/tbakdesigns/128.jpg"
503,"Adah MacGyver","https://s3.amazonaws.com/uifaces/faces/twitter/prinzadi/128.jpg"
504,"Jamey Dietrich","https://s3.amazonaws.com/uifaces/faces/twitter/Talbi_ConSept/128.jpg"
505,"Dallas Grimes","https://s3.amazonaws.com/uifaces/faces/twitter/travishines/128.jpg"
506,"Sister Miller II","https://s3.amazonaws.com/uifaces/faces/twitter/scips/128.jpg"
507,"Deonte Balistreri","https://s3.amazonaws.com/uifaces/faces/twitter/bighanddesign/128.jpg"
508,"Lane King","https://s3.amazonaws.com/uifaces/faces/twitter/elenadissi/128.jpg"
509,"Raegan Ryan","https://s3.amazonaws.com/uifaces/faces/twitter/otozk/128.jpg"
510,"Bernita Skiles","https://s3.amazonaws.com/uifaces/faces/twitter/lmjabreu/128.jpg"
511,"Dr. Katrina Hintz","https://s3.amazonaws.com/uifaces/faces/twitter/prheemo/128.jpg"
512,"Ms. Nicole Nicolas","https://s3.amazonaws.com/uifaces/faces/twitter/jlsolerdeltoro/128.jpg"
513,"Mr. Brenna VonRueden","https://s3.amazonaws.com/uifaces/faces/twitter/souuf/128.jpg"
514,"Daron Borer","https://s3.amazonaws.com/uifaces/faces/twitter/y2graphic/128.jpg"
515,"Ross Keebler","https://s3.amazonaws.com/uifaces/faces/twitter/gabrielrosser/128.jpg"
516,"Cora Gleason","https://s3.amazonaws.com/uifaces/faces/twitter/curiousoffice/128.jpg"
517,"Haylee Hessel","https://s3.amazonaws.com/uifaces/faces/twitter/ehsandiary/128.jpg"
518,"Sadye McLaughlin","https://s3.amazonaws.com/uifaces/faces/twitter/sovesove/128.jpg"
519,"Hector Watsica","https://s3.amazonaws.com/uifaces/faces/twitter/h1brd/128.jpg"
520,"Vilma Rath","https://s3.amazonaws.com/uifaces/faces/twitter/jonathansimmons/128.jpg"
521,"Adelle Brekke","https://s3.amazonaws.com/uifaces/faces/twitter/dpmachado/128.jpg"
522,"Amber Weimann","https://s3.amazonaws.com/uifaces/faces/twitter/praveen_vijaya/128.jpg"
523,"Nasir Schneider Jr.","https://s3.amazonaws.com/uifaces/faces/twitter/adrienths/128.jpg"
524,"Cale Schaefer","https://s3.amazonaws.com/uifaces/faces/twitter/hasslunsford/128.jpg"
525,"Stewart Doyle","https://s3.amazonaws.com/uifaces/faces/twitter/2fockus/128.jpg"
526,"Esta McLaughlin","https://s3.amazonaws.com/uifaces/faces/twitter/kamal_chaneman/128.jpg"
527,"Dr. Emmanuelle Schuppe","https://s3.amazonaws.com/uifaces/faces/twitter/kirangopal/128.jpg"
528,"Darrin Muller","https://s3.amazonaws.com/uifaces/faces/twitter/chrisslowik/128.jpg"
529,"Gonzalo Little Jr.","https://s3.amazonaws.com/uifaces/faces/twitter/marklamb/128.jpg"
530,"Gonzalo Waters","https://s3.amazonaws.com/uifaces/faces/twitter/peterlandt/128.jpg"
531,"Lolita Prosacco","https://s3.amazonaws.com/uifaces/faces/twitter/alexandermayes/128.jpg"
532,"Luis Quigley II","https://s3.amazonaws.com/uifaces/faces/twitter/perfectflow/128.jpg"
533,"Jaron Fahey","https://s3.amazonaws.com/uifaces/faces/twitter/codepoet_ru/128.jpg"
534,"Kayleigh Hagenes V","https://s3.amazonaws.com/uifaces/faces/twitter/spbroma/128.jpg"
535,"Lois Kuhlman","https://s3.amazonaws.com/uifaces/faces/twitter/meln1ks/128.jpg"
536,"Geovanni Torp","https://s3.amazonaws.com/uifaces/faces/twitter/rtyukmaev/128.jpg"
537,"Candice Monahan DDS","https://s3.amazonaws.com/uifaces/faces/twitter/soyjavi/128.jpg"
538,"Kaya Koss","https://s3.amazonaws.com/uifaces/faces/twitter/foczzi/128.jpg"
539,"Emely Johnson","https://s3.amazonaws.com/uifaces/faces/twitter/BroumiYoussef/128.jpg"
540,"Carson Kub","https://s3.amazonaws.com/uifaces/faces/twitter/uxward/128.jpg"
541,"Blanca Johns","https://s3.amazonaws.com/uifaces/faces/twitter/clubb3rry/128.jpg"
542,"Danyka Keebler","https://s3.amazonaws.com/uifaces/faces/twitter/hugocornejo/128.jpg"
543,"Rodrick Stracke","https://s3.amazonaws.com/uifaces/faces/twitter/faisalabid/128.jpg"
544,"Katelin Nikolaus","https://s3.amazonaws.com/uifaces/faces/twitter/idiot/128.jpg"
545,"Tanner Mueller","https://s3.amazonaws.com/uifaces/faces/twitter/thimo_cz/128.jpg"
546,"Marilou Watsica","https://s3.amazonaws.com/uifaces/faces/twitter/orkuncaylar/128.jpg"
547,"Rosemary Hudson","https://s3.amazonaws.com/uifaces/faces/twitter/abotap/128.jpg"
548,"Enoch Hyatt","https://s3.amazonaws.com/uifaces/faces/twitter/benjamin_knight/128.jpg"
549,"Mr. Golden Moore","https://s3.amazonaws.com/uifaces/faces/twitter/jmfsocial/128.jpg"
550,"Jude Waters","https://s3.amazonaws.com/uifaces/faces/twitter/timmillwood/128.jpg"
551,"Mariano Cummerata","https://s3.amazonaws.com/uifaces/faces/twitter/panghal0/128.jpg"
552,"Kathryn Weissnat","https://s3.amazonaws.com/uifaces/faces/twitter/vigobronx/128.jpg"
553,"Ludwig Stamm","https://s3.amazonaws.com/uifaces/faces/twitter/dc_user/128.jpg"
554,"Mohamed Bechtelar","https://s3.amazonaws.com/uifaces/faces/twitter/zvchkelly/128.jpg"
555,"Dr. Samson Homenick","https://s3.amazonaws.com/uifaces/faces/twitter/h1brd/128.jpg"
556,"Myrtle Murray","https://s3.amazonaws.com/uifaces/faces/twitter/abdots/128.jpg"
557,"Elisha Jast","https://s3.amazonaws.com/uifaces/faces/twitter/harry_sistalam/128.jpg"
558,"Destiney Hettinger I","https://s3.amazonaws.com/uifaces/faces/twitter/alecarpentier/128.jpg"
559,"Lennie Gutmann","https://s3.amazonaws.com/uifaces/faces/twitter/bargaorobalo/128.jpg"
560,"Raheem Wunsch MD","https://s3.amazonaws.com/uifaces/faces/twitter/vicivadeline/128.jpg"
561,"Mrs. Cindy Miller","https://s3.amazonaws.com/uifaces/faces/twitter/deeenright/128.jpg"
562,"Green Rau","https://s3.amazonaws.com/uifaces/faces/twitter/bfrohs/128.jpg"
563,"Frankie Wolf","https://s3.amazonaws.com/uifaces/faces/twitter/nessoila/128.jpg"
564,"Jerrod Oberbrunner","https://s3.amazonaws.com/uifaces/faces/twitter/demersdesigns/128.jpg"
565,"Annetta Baumbach","https://s3.amazonaws.com/uifaces/faces/twitter/steynviljoen/128.jpg"
566,"Thomas Mayert","https://s3.amazonaws.com/uifaces/faces/twitter/daykiine/128.jpg"
567,"Dina Ebert","https://s3.amazonaws.com/uifaces/faces/twitter/kirangopal/128.jpg"
568,"Miss Cydney Rath","https://s3.amazonaws.com/uifaces/faces/twitter/_dwite_/128.jpg"
569,"Heath Fadel","https://s3.amazonaws.com/uifaces/faces/twitter/jffgrdnr/128.jpg"
570,"Mrs. Lawson Brekke","https://s3.amazonaws.com/uifaces/faces/twitter/mattlat/128.jpg"
571,"David Kling","https://s3.amazonaws.com/uifaces/faces/twitter/dannol/128.jpg"
572,"Cara Pfeffer","https://s3.amazonaws.com/uifaces/faces/twitter/hanna_smi/128.jpg"
573,"Dr. Gina Stehr","https://s3.amazonaws.com/uifaces/faces/twitter/victorerixon/128.jpg"
574,"Clovis Marks","https://s3.amazonaws.com/uifaces/faces/twitter/IsaryAmairani/128.jpg"
575,"Patience Zulauf","https://s3.amazonaws.com/uifaces/faces/twitter/tur8le/128.jpg"
576,"Breana Emard Sr.","https://s3.amazonaws.com/uifaces/faces/twitter/megdraws/128.jpg"
577,"Brando Gusikowski","https://s3.amazonaws.com/uifaces/faces/twitter/tobysaxon/128.jpg"
578,"Dean Glover","https://s3.amazonaws.com/uifaces/faces/twitter/rob_thomas10/128.jpg"
579,"Miss Anderson Lubowitz","https://s3.amazonaws.com/uifaces/faces/twitter/saarabpreet/128.jpg"
580,"Westley Monahan","https://s3.amazonaws.com/uifaces/faces/twitter/angelcreative/128.jpg"
581,"Hazle Turner","https://s3.amazonaws.com/uifaces/faces/twitter/guischmitt/128.jpg"
582,"Karlee Ratke II","https://s3.amazonaws.com/uifaces/faces/twitter/melvindidit/128.jpg"
583,"Ewell Bernier","https://s3.amazonaws.com/uifaces/faces/twitter/nandini_m/128.jpg"
584,"Ms. Elda O'Connell","https://s3.amazonaws.com/uifaces/faces/twitter/craighenneberry/128.jpg"
585,"Mose Orn","https://s3.amazonaws.com/uifaces/faces/twitter/pierre_nel/128.jpg"
586,"Greyson O'Conner","https://s3.amazonaws.com/uifaces/faces/twitter/opnsrce/128.jpg"
587,"Miss Saul Ernser","https://s3.amazonaws.com/uifaces/faces/twitter/salleedesign/128.jpg"
588,"Andrew Roob","https://s3.amazonaws.com/uifaces/faces/twitter/clubb3rry/128.jpg"
589,"Ruby Aufderhar Jr.","https://s3.amazonaws.com/uifaces/faces/twitter/cyril_gaillard/128.jpg"
590,"Elissa Von","https://s3.amazonaws.com/uifaces/faces/twitter/dotgridline/128.jpg"
591,"Iva Greenholt","https://s3.amazonaws.com/uifaces/faces/twitter/garand/128.jpg"
592,"Anahi Terry","https://s3.amazonaws.com/uifaces/faces/twitter/karlkanall/128.jpg"
593,"Hoyt Casper II","https://s3.amazonaws.com/uifaces/faces/twitter/leemunroe/128.jpg"
594,"Ahmed Hintz","https://s3.amazonaws.com/uifaces/faces/twitter/gofrasdesign/128.jpg"
595,"Chad Becker","https://s3.amazonaws.com/uifaces/faces/twitter/guischmitt/128.jpg"
596,"Benton Labadie","https://s3.amazonaws.com/uifaces/faces/twitter/cybind/128.jpg"
597,"Wendell Mann","https://s3.amazonaws.com/uifaces/faces/twitter/mr_shiznit/128.jpg"
598,"Jesse Hyatt","https://s3.amazonaws.com/uifaces/faces/twitter/perretmagali/128.jpg"
599,"Domenico Gaylord","https://s3.amazonaws.com/uifaces/faces/twitter/aroon_sharma/128.jpg"
600,"Michelle Trantow","https://s3.amazonaws.com/uifaces/faces/twitter/sbtransparent/128.jpg"
601,"Anastasia O'Kon","https://s3.amazonaws.com/uifaces/faces/twitter/danthms/128.jpg"
602,"Miss Dawn Stokes","https://s3.amazonaws.com/uifaces/faces/twitter/anoff/128.jpg"
603,"Harley McClure","https://s3.amazonaws.com/uifaces/faces/twitter/geshan/128.jpg"
604,"Lyla Simonis","https://s3.amazonaws.com/uifaces/faces/twitter/koridhandy/128.jpg"
605,"Clair Bins","https://s3.amazonaws.com/uifaces/faces/twitter/rdsaunders/128.jpg"
606,"Elyssa Schuppe II","https://s3.amazonaws.com/uifaces/faces/twitter/yalozhkin/128.jpg"
607,"Delmer Considine","https://s3.amazonaws.com/uifaces/faces/twitter/zvchkelly/128.jpg"
608,"Federico Kuhic","https://s3.amazonaws.com/uifaces/faces/twitter/josecarlospsh/128.jpg"
609,"Payton Lockman","https://s3.amazonaws.com/uifaces/faces/twitter/yigitpinarbasi/128.jpg"
610,"Ashton Daugherty","https://s3.amazonaws.com/uifaces/faces/twitter/aroon_sharma/128.jpg"
611,"Kristofer Mraz","https://s3.amazonaws.com/uifaces/faces/twitter/nepdud/128.jpg"
612,"Kali Mitchell","https://s3.amazonaws.com/uifaces/faces/twitter/sterlingrules/128.jpg"
613,"Kenna Hartmann","https://s3.amazonaws.com/uifaces/faces/twitter/okcoker/128.jpg"
614,"Gardner Miller","https://s3.amazonaws.com/uifaces/faces/twitter/toddrew/128.jpg"
615,"Tobin Denesik","https://s3.amazonaws.com/uifaces/faces/twitter/andrewofficer/128.jpg"
616,"Isaiah Champlin","https://s3.amazonaws.com/uifaces/faces/twitter/2fockus/128.jpg"
617,"Therese Howell","https://s3.amazonaws.com/uifaces/faces/twitter/joannefournier/128.jpg"
618,"Demario Treutel","https://s3.amazonaws.com/uifaces/faces/twitter/joelcipriano/128.jpg"
619,"Heloise Beer","https://s3.amazonaws.com/uifaces/faces/twitter/langate/128.jpg"
620,"Cassandre Larkin","https://s3.amazonaws.com/uifaces/faces/twitter/twittypork/128.jpg"
621,"Zachary Treutel","https://s3.amazonaws.com/uifaces/faces/twitter/BrianPurkiss/128.jpg"
622,"Marcus Ledner Sr.","https://s3.amazonaws.com/uifaces/faces/twitter/jay_wilburn/128.jpg"
623,"Al Beer","https://s3.amazonaws.com/uifaces/faces/twitter/devankoshal/128.jpg"
624,"Shawna Waelchi","https://s3.amazonaws.com/uifaces/faces/twitter/mrxloka/128.jpg"
625,"Sammie Ratke","https://s3.amazonaws.com/uifaces/faces/twitter/aaronalfred/128.jpg"
626,"Mr. Alexanne Abbott","https://s3.amazonaws.com/uifaces/faces/twitter/nwdsha/128.jpg"
627,"Juliet Doyle","https://s3.amazonaws.com/uifaces/faces/twitter/fabbianz/128.jpg"
628,"Hershel Bauch","https://s3.amazonaws.com/uifaces/faces/twitter/ovall/128.jpg"
629,"Olga Kuphal","https://s3.amazonaws.com/uifaces/faces/twitter/demersdesigns/128.jpg"
630,"Hilbert Emmerich","https://s3.amazonaws.com/uifaces/faces/twitter/saulihirvi/128.jpg"
631,"Bell Harber","https://s3.amazonaws.com/uifaces/faces/twitter/anoff/128.jpg"
632,"Malika Daugherty","https://s3.amazonaws.com/uifaces/faces/twitter/thaodang17/128.jpg"
633,"Dock Wolff","https://s3.amazonaws.com/uifaces/faces/twitter/joshaustin/128.jpg"
634,"Axel Bayer","https://s3.amazonaws.com/uifaces/faces/twitter/deeenright/128.jpg"
635,"Jayson Ratke","https://s3.amazonaws.com/uifaces/faces/twitter/lanceguyatt/128.jpg"
636,"Marlen Schinner","https://s3.amazonaws.com/uifaces/faces/twitter/hota_v/128.jpg"
637,"Mrs. Graciela Lynch","https://s3.amazonaws.com/uifaces/faces/twitter/rdsaunders/128.jpg"
638,"Deonte Swift","https://s3.amazonaws.com/uifaces/faces/twitter/damenleeturks/128.jpg"
639,"Hermina Klocko","https://s3.amazonaws.com/uifaces/faces/twitter/praveen_vijaya/128.jpg"
640,"Aubrey Batz","https://s3.amazonaws.com/uifaces/faces/twitter/we_social/128.jpg"
641,"Mrs. Bryana Zieme","https://s3.amazonaws.com/uifaces/faces/twitter/maz/128.jpg"
642,"Henri Gislason","https://s3.amazonaws.com/uifaces/faces/twitter/mkginfo/128.jpg"
643,"Matteo McGlynn","https://s3.amazonaws.com/uifaces/faces/twitter/bargaorobalo/128.jpg"
644,"Naomi Cremin","https://s3.amazonaws.com/uifaces/faces/twitter/emsgulam/128.jpg"
645,"Nelle Reichel Sr.","https://s3.amazonaws.com/uifaces/faces/twitter/doronmalki/128.jpg"
646,"Kianna Swaniawski","https://s3.amazonaws.com/uifaces/faces/twitter/amanruzaini/128.jpg"
647,"Charley Howell","https://s3.amazonaws.com/uifaces/faces/twitter/scips/128.jpg"
648,"Lonnie Wiegand","https://s3.amazonaws.com/uifaces/faces/twitter/_ragzor/128.jpg"
649,"Gage Brakus","https://s3.amazonaws.com/uifaces/faces/twitter/fabbianz/128.jpg"
650,"Terrell Bruen","https://s3.amazonaws.com/uifaces/faces/twitter/jeremiaha/128.jpg"
651,"Shannon Wilderman","https://s3.amazonaws.com/uifaces/faces/twitter/gt/128.jpg"
652,"Mr. Ashton Schuppe","https://s3.amazonaws.com/uifaces/faces/twitter/VinThomas/128.jpg"
653,"Santino Franecki","https://s3.amazonaws.com/uifaces/faces/twitter/n_tassone/128.jpg"
654,"Brooks Stokes","https://s3.amazonaws.com/uifaces/faces/twitter/marciotoledo/128.jpg"
655,"Giovanni Bogan","https://s3.amazonaws.com/uifaces/faces/twitter/josemarques/128.jpg"
656,"Alysa Luettgen","https://s3.amazonaws.com/uifaces/faces/twitter/osvaldas/128.jpg"
657,"Wallace Thiel","https://s3.amazonaws.com/uifaces/faces/twitter/pierrestoffe/128.jpg"
658,"Drew Ferry","https://s3.amazonaws.com/uifaces/faces/twitter/nfedoroff/128.jpg"
659,"Narciso Nicolas","https://s3.amazonaws.com/uifaces/faces/twitter/falvarad/128.jpg"
660,"Valentina Turner","https://s3.amazonaws.com/uifaces/faces/twitter/increase/128.jpg"
661,"Nathaniel Abbott","https://s3.amazonaws.com/uifaces/faces/twitter/krystalfister/128.jpg"
662,"Freddy Emard I","https://s3.amazonaws.com/uifaces/faces/twitter/kuldarkalvik/128.jpg"
663,"Fritz Cremin","https://s3.amazonaws.com/uifaces/faces/twitter/sunshinedgirl/128.jpg"
664,"Christiana Wunsch","https://s3.amazonaws.com/uifaces/faces/twitter/xadhix/128.jpg"
665,"Otto Abbott Sr.","https://s3.amazonaws.com/uifaces/faces/twitter/juaumlol/128.jpg"
666,"Candace Glover","https://s3.amazonaws.com/uifaces/faces/twitter/jerrybai1907/128.jpg"
667,"Guillermo Abshire","https://s3.amazonaws.com/uifaces/faces/twitter/victorquinn/128.jpg"
668,"Chanel Koss","https://s3.amazonaws.com/uifaces/faces/twitter/stefooo/128.jpg"
669,"Carmel Williamson","https://s3.amazonaws.com/uifaces/faces/twitter/uberschizo/128.jpg"
670,"Libbie Dooley","https://s3.amazonaws.com/uifaces/faces/twitter/ruehldesign/128.jpg"
671,"Nelson Greenfelder","https://s3.amazonaws.com/uifaces/faces/twitter/bassamology/128.jpg"
672,"Bethany Conroy","https://s3.amazonaws.com/uifaces/faces/twitter/flashmurphy/128.jpg"
673,"Mara Kshlerin","https://s3.amazonaws.com/uifaces/faces/twitter/catadeleon/128.jpg"
674,"Hayden Kiehn","https://s3.amazonaws.com/uifaces/faces/twitter/Shriiiiimp/128.jpg"
675,"Corrine Gislason","https://s3.amazonaws.com/uifaces/faces/twitter/gizmeedevil1991/128.jpg"
676,"Kenny Kunde","https://s3.amazonaws.com/uifaces/faces/twitter/ntfblog/128.jpg"
677,"Randi Bauch","https://s3.amazonaws.com/uifaces/faces/twitter/snowwrite/128.jpg"
678,"Daron Wiza","https://s3.amazonaws.com/uifaces/faces/twitter/eduardostuart/128.jpg"
679,"Hazle Daugherty","https://s3.amazonaws.com/uifaces/faces/twitter/saschadroste/128.jpg"
680,"Jackson Kertzmann","https://s3.amazonaws.com/uifaces/faces/twitter/leeiio/128.jpg"
681,"Bell Braun I","https://s3.amazonaws.com/uifaces/faces/twitter/judzhin_miles/128.jpg"
682,"Kim Mraz","https://s3.amazonaws.com/uifaces/faces/twitter/yalozhkin/128.jpg"
683,"Hilton Beier","https://s3.amazonaws.com/uifaces/faces/twitter/m4rio/128.jpg"
684,"Terrance McLaughlin","https://s3.amazonaws.com/uifaces/faces/twitter/roybarberuk/128.jpg"
685,"Ms. Allison Purdy","https://s3.amazonaws.com/uifaces/faces/twitter/mds/128.jpg"
686,"Lisandro Flatley","https://s3.amazonaws.com/uifaces/faces/twitter/h1brd/128.jpg"
687,"Kasey Weimann","https://s3.amazonaws.com/uifaces/faces/twitter/carbontwelve/128.jpg"
688,"Era Johnson","https://s3.amazonaws.com/uifaces/faces/twitter/benoitboucart/128.jpg"
689,"Hardy Gleason","https://s3.amazonaws.com/uifaces/faces/twitter/jffgrdnr/128.jpg"
690,"Stone Ebert","https://s3.amazonaws.com/uifaces/faces/twitter/ruzinav/128.jpg"
691,"Ruthe Heaney","https://s3.amazonaws.com/uifaces/faces/twitter/bartoszdawydzik/128.jpg"
692,"Mrs. Allen Harvey","https://s3.amazonaws.com/uifaces/faces/twitter/mattbilotti/128.jpg"
693,"Colt Trantow DDS","https://s3.amazonaws.com/uifaces/faces/twitter/AM_Kn2/128.jpg"
694,"Wilton Kub PhD","https://s3.amazonaws.com/uifaces/faces/twitter/airskylar/128.jpg"
695,"Vella Dare","https://s3.amazonaws.com/uifaces/faces/twitter/bolzanmarco/128.jpg"
696,"Nona Rau","https://s3.amazonaws.com/uifaces/faces/twitter/geran7/128.jpg"
697,"Anissa Little","https://s3.amazonaws.com/uifaces/faces/twitter/keyuri85/128.jpg"
698,"Cyrus Balistreri","https://s3.amazonaws.com/uifaces/faces/twitter/d00maz/128.jpg"
699,"Kasandra Skiles","https://s3.amazonaws.com/uifaces/faces/twitter/safrankov/128.jpg"
700,"Ines Runolfsson","https://s3.amazonaws.com/uifaces/faces/twitter/sbtransparent/128.jpg"
701,"Marvin Kertzmann","https://s3.amazonaws.com/uifaces/faces/twitter/frankiefreesbie/128.jpg"
702,"Donnell O'Connell","https://s3.amazonaws.com/uifaces/faces/twitter/envex/128.jpg"
703,"Pauline Altenwerth","https://s3.amazonaws.com/uifaces/faces/twitter/cyril_gaillard/128.jpg"
704,"Alphonso Stamm","https://s3.amazonaws.com/uifaces/faces/twitter/jonsgotwood/128.jpg"
705,"Neil Bruen","https://s3.amazonaws.com/uifaces/faces/twitter/findingjenny/128.jpg"
706,"Camila Hamill","https://s3.amazonaws.com/uifaces/faces/twitter/ah_lice/128.jpg"
707,"Marjory Baumbach","https://s3.amazonaws.com/uifaces/faces/twitter/lmjabreu/128.jpg"
708,"Raven Armstrong","https://s3.amazonaws.com/uifaces/faces/twitter/samscouto/128.jpg"
709,"Verdie Stamm","https://s3.amazonaws.com/uifaces/faces/twitter/michaelkoper/128.jpg"
710,"Duane Reichert","https://s3.amazonaws.com/uifaces/faces/twitter/samgrover/128.jpg"
711,"Sage Hudson","https://s3.amazonaws.com/uifaces/faces/twitter/koridhandy/128.jpg"
712,"Adell Turner","https://s3.amazonaws.com/uifaces/faces/twitter/karsh/128.jpg"
713,"Sandrine Douglas","https://s3.amazonaws.com/uifaces/faces/twitter/vikashpathak18/128.jpg"
714,"Rickie Schaden","https://s3.amazonaws.com/uifaces/faces/twitter/keryilmaz/128.jpg"
715,"Yvonne Abshire","https://s3.amazonaws.com/uifaces/faces/twitter/jeffgolenski/128.jpg"
716,"Gunnar Wuckert","https://s3.amazonaws.com/uifaces/faces/twitter/nepdud/128.jpg"
717,"Gwendolyn Gleason","https://s3.amazonaws.com/uifaces/faces/twitter/stefvdham/128.jpg"
718,"Jalen Langworth","https://s3.amazonaws.com/uifaces/faces/twitter/funwatercat/128.jpg"
719,"Gennaro Gibson","https://s3.amazonaws.com/uifaces/faces/twitter/jayphen/128.jpg"
720,"Margie Rosenbaum","https://s3.amazonaws.com/uifaces/faces/twitter/badlittleduck/128.jpg"
721,"Lois Keeling","https://s3.amazonaws.com/uifaces/faces/twitter/teylorfeliz/128.jpg"
722,"Reva Kris","https://s3.amazonaws.com/uifaces/faces/twitter/mkginfo/128.jpg"
723,"Rosetta Murray IV","https://s3.amazonaws.com/uifaces/faces/twitter/nitinhayaran/128.jpg"
724,"Rosalind Steuber","https://s3.amazonaws.com/uifaces/faces/twitter/mighty55/128.jpg"
725,"Muriel Gibson","https://s3.amazonaws.com/uifaces/faces/twitter/ma_tiax/128.jpg"
726,"Earnest Rowe","https://s3.amazonaws.com/uifaces/faces/twitter/akmur/128.jpg"
727,"Ahmed Green","https://s3.amazonaws.com/uifaces/faces/twitter/jagan123/128.jpg"
728,"Jacey Jacobs IV","https://s3.amazonaws.com/uifaces/faces/twitter/michzen/128.jpg"
729,"Colten Koelpin V","https://s3.amazonaws.com/uifaces/faces/twitter/emmandenn/128.jpg"
730,"Erin Reilly","https://s3.amazonaws.com/uifaces/faces/twitter/tumski/128.jpg"
731,"Lenny Hirthe","https://s3.amazonaws.com/uifaces/faces/twitter/falvarad/128.jpg"
732,"Bernadette Dare","https://s3.amazonaws.com/uifaces/faces/twitter/embrcecreations/128.jpg"
733,"Alphonso Kiehn MD","https://s3.amazonaws.com/uifaces/faces/twitter/antongenkin/128.jpg"
734,"Rory Connelly","https://s3.amazonaws.com/uifaces/faces/twitter/jackiesaik/128.jpg"
735,"Anne Haley","https://s3.amazonaws.com/uifaces/faces/twitter/agustincruiz/128.jpg"
736,"Fiona Bednar","https://s3.amazonaws.com/uifaces/faces/twitter/koridhandy/128.jpg"
737,"Giuseppe Murray","https://s3.amazonaws.com/uifaces/faces/twitter/apriendeau/128.jpg"
738,"Keith Collins","https://s3.amazonaws.com/uifaces/faces/twitter/terpimost/128.jpg"
739,"Serenity Quigley","https://s3.amazonaws.com/uifaces/faces/twitter/vj_demien/128.jpg"
740,"Keanu Rice","https://s3.amazonaws.com/uifaces/faces/twitter/danpliego/128.jpg"
741,"Gia Schulist","https://s3.amazonaws.com/uifaces/faces/twitter/xalionmalik/128.jpg"
742,"Linnea Emard","https://s3.amazonaws.com/uifaces/faces/twitter/artvavs/128.jpg"
743,"Ardella Haley","https://s3.amazonaws.com/uifaces/faces/twitter/mattlat/128.jpg"
744,"Marcel Kovacek III","https://s3.amazonaws.com/uifaces/faces/twitter/traneblow/128.jpg"
745,"Sigmund Heathcote","https://s3.amazonaws.com/uifaces/faces/twitter/cocolero/128.jpg"
746,"Gina Wolff","https://s3.amazonaws.com/uifaces/faces/twitter/derekebradley/128.jpg"
747,"Porter Dicki","https://s3.amazonaws.com/uifaces/faces/twitter/increase/128.jpg"
748,"Cordia Stroman IV","https://s3.amazonaws.com/uifaces/faces/twitter/webtanya/128.jpg"
749,"Trycia Koelpin","https://s3.amazonaws.com/uifaces/faces/twitter/gregsqueeb/128.jpg"
750,"Reinhold Farrell V","https://s3.amazonaws.com/uifaces/faces/twitter/jayphen/128.jpg"
751,"Gwendolyn Lind","https://s3.amazonaws.com/uifaces/faces/twitter/Stievius/128.jpg"
752,"Grover Wilkinson","https://s3.amazonaws.com/uifaces/faces/twitter/antonyzotov/128.jpg"
753,"Kim Legros","https://s3.amazonaws.com/uifaces/faces/twitter/mutlu82/128.jpg"
754,"Ryann Yundt","https://s3.amazonaws.com/uifaces/faces/twitter/nateschulte/128.jpg"
755,"Dr. Florence Hammes","https://s3.amazonaws.com/uifaces/faces/twitter/plasticine/128.jpg"
756,"Dimitri Walsh III","https://s3.amazonaws.com/uifaces/faces/twitter/thiagovernetti/128.jpg"
757,"Rosalinda Murazik","https://s3.amazonaws.com/uifaces/faces/twitter/mikemai2awesome/128.jpg"
758,"Mr. Alivia Parker","https://s3.amazonaws.com/uifaces/faces/twitter/langate/128.jpg"
759,"Cristobal Hudson IV","https://s3.amazonaws.com/uifaces/faces/twitter/andresdjasso/128.jpg"
760,"Macy Champlin","https://s3.amazonaws.com/uifaces/faces/twitter/maz/128.jpg"
761,"Vickie Kiehn","https://s3.amazonaws.com/uifaces/faces/twitter/twittypork/128.jpg"
762,"Lelah Aufderhar","https://s3.amazonaws.com/uifaces/faces/twitter/91bilal/128.jpg"
763,"Abigale Schoen","https://s3.amazonaws.com/uifaces/faces/twitter/cggaurav/128.jpg"
764,"Price Mills Sr.","https://s3.amazonaws.com/uifaces/faces/twitter/findingjenny/128.jpg"
765,"Elise Leuschke","https://s3.amazonaws.com/uifaces/faces/twitter/kerihenare/128.jpg"
766,"Sofia Nienow Sr.","https://s3.amazonaws.com/uifaces/faces/twitter/jervo/128.jpg"
767,"Nannie Waters","https://s3.amazonaws.com/uifaces/faces/twitter/woodydotmx/128.jpg"
768,"Kendall Lockman","https://s3.amazonaws.com/uifaces/faces/twitter/operatino/128.jpg"
769,"Danyka Mohr","https://s3.amazonaws.com/uifaces/faces/twitter/mrjamesnoble/128.jpg"
770,"Doris Mueller","https://s3.amazonaws.com/uifaces/faces/twitter/kinday/128.jpg"
771,"Annabel Rippin","https://s3.amazonaws.com/uifaces/faces/twitter/switmer777/128.jpg"
772,"Joan Christiansen","https://s3.amazonaws.com/uifaces/faces/twitter/vickyshits/128.jpg"
773,"Mr. Rhett Kulas","https://s3.amazonaws.com/uifaces/faces/twitter/balakayuriy/128.jpg"
774,"Skye Farrell","https://s3.amazonaws.com/uifaces/faces/twitter/rawdiggie/128.jpg"
775,"Amalia Kozey","https://s3.amazonaws.com/uifaces/faces/twitter/paulfarino/128.jpg"
776,"Jerod Mayer II","https://s3.amazonaws.com/uifaces/faces/twitter/iamglimy/128.jpg"
777,"Chaim Reynolds","https://s3.amazonaws.com/uifaces/faces/twitter/brandonburke/128.jpg"
778,"Danny Zulauf","https://s3.amazonaws.com/uifaces/faces/twitter/anoff/128.jpg"
779,"Noel Deckow","https://s3.amazonaws.com/uifaces/faces/twitter/vivekprvr/128.jpg"
780,"Syble Zulauf","https://s3.amazonaws.com/uifaces/faces/twitter/posterjob/128.jpg"
781,"Katheryn Jerde","https://s3.amazonaws.com/uifaces/faces/twitter/mtolokonnikov/128.jpg"
782,"Lyric Larkin","https://s3.amazonaws.com/uifaces/faces/twitter/joki4/128.jpg"
783,"Kathryn Bode","https://s3.amazonaws.com/uifaces/faces/twitter/boxmodel/128.jpg"
784,"Ms. Trinity Powlowski","https://s3.amazonaws.com/uifaces/faces/twitter/xadhix/128.jpg"
785,"Bradly Bergnaum","https://s3.amazonaws.com/uifaces/faces/twitter/nelsonjoyce/128.jpg"
786,"Junior Hane","https://s3.amazonaws.com/uifaces/faces/twitter/arthurholcombe1/128.jpg"
787,"Rod Miller","https://s3.amazonaws.com/uifaces/faces/twitter/iamgarth/128.jpg"
788,"Lazaro Gutkowski","https://s3.amazonaws.com/uifaces/faces/twitter/silvanmuhlemann/128.jpg"
789,"Audra Volkman","https://s3.amazonaws.com/uifaces/faces/twitter/spacewood_/128.jpg"
790,"Lucinda Koepp","https://s3.amazonaws.com/uifaces/faces/twitter/kirangopal/128.jpg"
791,"Cindy Heathcote","https://s3.amazonaws.com/uifaces/faces/twitter/xamorep/128.jpg"
792,"Arch Rosenbaum","https://s3.amazonaws.com/uifaces/faces/twitter/ntfblog/128.jpg"
793,"Wilburn Miller","https://s3.amazonaws.com/uifaces/faces/twitter/heycamtaylor/128.jpg"
794,"Maybell Kunde II","https://s3.amazonaws.com/uifaces/faces/twitter/gregrwilkinson/128.jpg"
795,"Domenica Schiller","https://s3.amazonaws.com/uifaces/faces/twitter/karsh/128.jpg"
796,"Ernestine Becker","https://s3.amazonaws.com/uifaces/faces/twitter/ceekaytweet/128.jpg"
797,"Jeanette Paucek","https://s3.amazonaws.com/uifaces/faces/twitter/angelcreative/128.jpg"
798,"Korey Welch","https://s3.amazonaws.com/uifaces/faces/twitter/seyedhossein1/128.jpg"
799,"Danny Ritchie","https://s3.amazonaws.com/uifaces/faces/twitter/ipavelek/128.jpg"
800,"Lempi Murray","https://s3.amazonaws.com/uifaces/faces/twitter/sokaniwaal/128.jpg"
801,"Allan Schoen","https://s3.amazonaws.com/uifaces/faces/twitter/llun/128.jpg"
802,"Lucious Bosco","https://s3.amazonaws.com/uifaces/faces/twitter/russell_baylis/128.jpg"
803,"Julie Brown","https://s3.amazonaws.com/uifaces/faces/twitter/ganserene/128.jpg"
804,"Tessie Dare","https://s3.amazonaws.com/uifaces/faces/twitter/pcridesagain/128.jpg"
805,"Estevan Durgan","https://s3.amazonaws.com/uifaces/faces/twitter/blakehawksworth/128.jpg"
806,"Tianna Maggio","https://s3.amazonaws.com/uifaces/faces/twitter/nateschulte/128.jpg"
807,"Lon Morar","https://s3.amazonaws.com/uifaces/faces/twitter/craigrcoles/128.jpg"
808,"Ocie Roob","https://s3.amazonaws.com/uifaces/faces/twitter/switmer777/128.jpg"
809,"Wilson Kirlin","https://s3.amazonaws.com/uifaces/faces/twitter/sasha_shestakov/128.jpg"
810,"Regan Watsica","https://s3.amazonaws.com/uifaces/faces/twitter/ripplemdk/128.jpg"
811,"Tiara Adams","https://s3.amazonaws.com/uifaces/faces/twitter/coreyweb/128.jpg"
812,"Alejandra Kuhic","https://s3.amazonaws.com/uifaces/faces/twitter/michaelmartinho/128.jpg"
813,"Miss Rosalinda Gusikowski","https://s3.amazonaws.com/uifaces/faces/twitter/chris_witko/128.jpg"
814,"Lilliana Hamill","https://s3.amazonaws.com/uifaces/faces/twitter/raphaelnikson/128.jpg"
815,"Ulices Greenfelder","https://s3.amazonaws.com/uifaces/faces/twitter/linux29/128.jpg"
816,"Mrs. Elliott Cremin","https://s3.amazonaws.com/uifaces/faces/twitter/vikasvinfotech/128.jpg"
817,"Myrtle Marquardt","https://s3.amazonaws.com/uifaces/faces/twitter/areandacom/128.jpg"
818,"Marcos Nolan","https://s3.amazonaws.com/uifaces/faces/twitter/sachingawas/128.jpg"
819,"Myriam Ortiz","https://s3.amazonaws.com/uifaces/faces/twitter/davidcazalis/128.jpg"
820,"Jazmin Corkery","https://s3.amazonaws.com/uifaces/faces/twitter/herrhaase/128.jpg"
821,"Magdalena Berge","https://s3.amazonaws.com/uifaces/faces/twitter/batsirai/128.jpg"
822,"Eduardo Schmidt","https://s3.amazonaws.com/uifaces/faces/twitter/weglov/128.jpg"
823,"Grady Hermann","https://s3.amazonaws.com/uifaces/faces/twitter/opnsrce/128.jpg"
824,"Fletcher Jacobi","https://s3.amazonaws.com/uifaces/faces/twitter/alek_djuric/128.jpg"
825,"Mercedes Harber","https://s3.amazonaws.com/uifaces/faces/twitter/devinhalladay/128.jpg"
826,"Christophe Berge Jr.","https://s3.amazonaws.com/uifaces/faces/twitter/YoungCutlass/128.jpg"
827,"Thaddeus Trantow","https://s3.amazonaws.com/uifaces/faces/twitter/jimmuirhead/128.jpg"
828,"Orville Weissnat","https://s3.amazonaws.com/uifaces/faces/twitter/artem_kostenko/128.jpg"
829,"Donald Hahn","https://s3.amazonaws.com/uifaces/faces/twitter/creartinc/128.jpg"
830,"Ford Balistreri","https://s3.amazonaws.com/uifaces/faces/twitter/evanshajed/128.jpg"
831,"Pauline Armstrong","https://s3.amazonaws.com/uifaces/faces/twitter/agromov/128.jpg"
832,"Hoyt Stiedemann","https://s3.amazonaws.com/uifaces/faces/twitter/maiklam/128.jpg"
833,"Annetta Kertzmann","https://s3.amazonaws.com/uifaces/faces/twitter/danro/128.jpg"
834,"Fanny Hintz","https://s3.amazonaws.com/uifaces/faces/twitter/ariil/128.jpg"
835,"Magdalena Grady","https://s3.amazonaws.com/uifaces/faces/twitter/michaelcolenso/128.jpg"
836,"Monserrate Stehr","https://s3.amazonaws.com/uifaces/faces/twitter/gregsqueeb/128.jpg"
837,"Keagan Connelly","https://s3.amazonaws.com/uifaces/faces/twitter/madshensel/128.jpg"
838,"Jocelyn Wiegand","https://s3.amazonaws.com/uifaces/faces/twitter/petar_prog/128.jpg"
839,"Johanna Champlin","https://s3.amazonaws.com/uifaces/faces/twitter/jagan123/128.jpg"
840,"Ricky Daugherty DDS","https://s3.amazonaws.com/uifaces/faces/twitter/justme_timothyg/128.jpg"
841,"Mrs. Markus Raynor","https://s3.amazonaws.com/uifaces/faces/twitter/fran_mchamy/128.jpg"
842,"Jonas Yundt","https://s3.amazonaws.com/uifaces/faces/twitter/salimianoff/128.jpg"
843,"Ila Balistreri","https://s3.amazonaws.com/uifaces/faces/twitter/lisovsky/128.jpg"
844,"Avery Mohr","https://s3.amazonaws.com/uifaces/faces/twitter/thierrykoblentz/128.jpg"
845,"Ariel Watsica","https://s3.amazonaws.com/uifaces/faces/twitter/sawrb/128.jpg"
846,"Adam Hackett","https://s3.amazonaws.com/uifaces/faces/twitter/arashmanteghi/128.jpg"
847,"Verda Russel","https://s3.amazonaws.com/uifaces/faces/twitter/oaktreemedia/128.jpg"
848,"Karina Stracke","https://s3.amazonaws.com/uifaces/faces/twitter/lebinoclard/128.jpg"
849,"Eveline Walsh","https://s3.amazonaws.com/uifaces/faces/twitter/anjhero/128.jpg"
850,"Zola Wilkinson","https://s3.amazonaws.com/uifaces/faces/twitter/pifagor/128.jpg"
851,"Sandra Prohaska","https://s3.amazonaws.com/uifaces/faces/twitter/kvasnic/128.jpg"
852,"Blaise Spinka","https://s3.amazonaws.com/uifaces/faces/twitter/michaelmartinho/128.jpg"
853,"Lavern Ferry","https://s3.amazonaws.com/uifaces/faces/twitter/balakayuriy/128.jpg"
854,"Ms. Verna Adams","https://s3.amazonaws.com/uifaces/faces/twitter/madewulf/128.jpg"
855,"Sarina Koepp","https://s3.amazonaws.com/uifaces/faces/twitter/wearesavas/128.jpg"
856,"Hans Crona","https://s3.amazonaws.com/uifaces/faces/twitter/seyedhossein1/128.jpg"
857,"June Hessel","https://s3.amazonaws.com/uifaces/faces/twitter/irae/128.jpg"
858,"Miss Bud Schumm","https://s3.amazonaws.com/uifaces/faces/twitter/derekcramer/128.jpg"
859,"Ephraim Christiansen","https://s3.amazonaws.com/uifaces/faces/twitter/bermonpainter/128.jpg"
860,"Abbie Ruecker","https://s3.amazonaws.com/uifaces/faces/twitter/mrmartineau/128.jpg"
861,"Olen Feeney","https://s3.amazonaws.com/uifaces/faces/twitter/billyroshan/128.jpg"
862,"Kristy Lehner","https://s3.amazonaws.com/uifaces/faces/twitter/antonyryndya/128.jpg"
863,"Lavon Beier","https://s3.amazonaws.com/uifaces/faces/twitter/spbroma/128.jpg"
864,"Citlalli Collier","https://s3.amazonaws.com/uifaces/faces/twitter/twittypork/128.jpg"
865,"Darrin Rosenbaum","https://s3.amazonaws.com/uifaces/faces/twitter/hjartstrorn/128.jpg"
866,"Rocio Jacobs","https://s3.amazonaws.com/uifaces/faces/twitter/a1chapone/128.jpg"
867,"Miss Kade Lebsack","https://s3.amazonaws.com/uifaces/faces/twitter/kolsvein/128.jpg"
868,"Gay Feeney","https://s3.amazonaws.com/uifaces/faces/twitter/runningskull/128.jpg"
869,"August Reilly","https://s3.amazonaws.com/uifaces/faces/twitter/samgrover/128.jpg"
870,"Lucienne Blick","https://s3.amazonaws.com/uifaces/faces/twitter/instalox/128.jpg"
871,"Elizabeth Volkman","https://s3.amazonaws.com/uifaces/faces/twitter/VinThomas/128.jpg"
872,"Ryan Kunze","https://s3.amazonaws.com/uifaces/faces/twitter/wegotvices/128.jpg"
873,"Kathleen Buckridge","https://s3.amazonaws.com/uifaces/faces/twitter/robergd/128.jpg"
874,"Eunice Hamill DVM","https://s3.amazonaws.com/uifaces/faces/twitter/devankoshal/128.jpg"
875,"Burdette Bruen I","https://s3.amazonaws.com/uifaces/faces/twitter/joetruesdell/128.jpg"
876,"Max Mills","https://s3.amazonaws.com/uifaces/faces/twitter/patrickcoombe/128.jpg"
877,"Connor Gulgowski","https://s3.amazonaws.com/uifaces/faces/twitter/timothycd/128.jpg"
878,"Skylar Mayer IV","https://s3.amazonaws.com/uifaces/faces/twitter/bolzanmarco/128.jpg"
879,"Gerardo Doyle","https://s3.amazonaws.com/uifaces/faces/twitter/giuliusa/128.jpg"
880,"Else White","https://s3.amazonaws.com/uifaces/faces/twitter/kosmar/128.jpg"
881,"Elmore Bernier","https://s3.amazonaws.com/uifaces/faces/twitter/diesellaws/128.jpg"
882,"Mr. Krystina Pollich","https://s3.amazonaws.com/uifaces/faces/twitter/cynthiasavard/128.jpg"
883,"Wilfredo Beatty","https://s3.amazonaws.com/uifaces/faces/twitter/puzik/128.jpg"
884,"Norris Heathcote","https://s3.amazonaws.com/uifaces/faces/twitter/markretzloff/128.jpg"
885,"Dr. Reanna Hegmann","https://s3.amazonaws.com/uifaces/faces/twitter/imsoper/128.jpg"
886,"Ava Simonis","https://s3.amazonaws.com/uifaces/faces/twitter/ooomz/128.jpg"
887,"Juston Abbott","https://s3.amazonaws.com/uifaces/faces/twitter/ddggccaa/128.jpg"
888,"Mercedes Hartmann","https://s3.amazonaws.com/uifaces/faces/twitter/reideiredale/128.jpg"
889,"Alvena Hintz","https://s3.amazonaws.com/uifaces/faces/twitter/andrewabogado/128.jpg"
890,"Laurie Kuvalis","https://s3.amazonaws.com/uifaces/faces/twitter/rawdiggie/128.jpg"
891,"Maximillia Kertzmann","https://s3.amazonaws.com/uifaces/faces/twitter/dorphern/128.jpg"
892,"Jeffrey O'Connell","https://s3.amazonaws.com/uifaces/faces/twitter/webtanya/128.jpg"
893,"Colin Raynor","https://s3.amazonaws.com/uifaces/faces/twitter/rdsaunders/128.jpg"
894,"Shaniya Grady","https://s3.amazonaws.com/uifaces/faces/twitter/kerihenare/128.jpg"
895,"Logan Kutch","https://s3.amazonaws.com/uifaces/faces/twitter/msveet/128.jpg"
896,"Mr. Sigmund Lynch","https://s3.amazonaws.com/uifaces/faces/twitter/quailandquasar/128.jpg"
897,"Lon McKenzie","https://s3.amazonaws.com/uifaces/faces/twitter/lokesh_coder/128.jpg"
898,"Brandt Murphy","https://s3.amazonaws.com/uifaces/faces/twitter/thomasgeisen/128.jpg"
899,"Jermain Dare Jr.","https://s3.amazonaws.com/uifaces/faces/twitter/adobi/128.jpg"
900,"Gregoria Schmidt","https://s3.amazonaws.com/uifaces/faces/twitter/isaacfifth/128.jpg"
901,"Cullen Hane","https://s3.amazonaws.com/uifaces/faces/twitter/matkins/128.jpg"
902,"Kody Vandervort","https://s3.amazonaws.com/uifaces/faces/twitter/ajaxy_ru/128.jpg"
903,"Scot Skiles","https://s3.amazonaws.com/uifaces/faces/twitter/yecidsm/128.jpg"
904,"Cecile Weissnat III","https://s3.amazonaws.com/uifaces/faces/twitter/roybarberuk/128.jpg"
905,"Zion Bauch","https://s3.amazonaws.com/uifaces/faces/twitter/robinlayfield/128.jpg"
906,"Caleigh Raynor","https://s3.amazonaws.com/uifaces/faces/twitter/davecraige/128.jpg"
907,"Elmore Ziemann","https://s3.amazonaws.com/uifaces/faces/twitter/souuf/128.jpg"
908,"Liana Sipes","https://s3.amazonaws.com/uifaces/faces/twitter/nsamoylov/128.jpg"
909,"Ali Luettgen","https://s3.amazonaws.com/uifaces/faces/twitter/bluefx_/128.jpg"
910,"Darien Huel PhD","https://s3.amazonaws.com/uifaces/faces/twitter/stephcoue/128.jpg"
911,"Albin Willms II","https://s3.amazonaws.com/uifaces/faces/twitter/derekcramer/128.jpg"
912,"Karen Sporer","https://s3.amazonaws.com/uifaces/faces/twitter/fabbianz/128.jpg"
913,"Nadia Connelly","https://s3.amazonaws.com/uifaces/faces/twitter/bighanddesign/128.jpg"
914,"Rupert White","https://s3.amazonaws.com/uifaces/faces/twitter/colgruv/128.jpg"
915,"Miss Elenora Sipes","https://s3.amazonaws.com/uifaces/faces/twitter/nandini_m/128.jpg"
916,"Wendy Smith","https://s3.amazonaws.com/uifaces/faces/twitter/bermonpainter/128.jpg"
917,"Kailey Mitchell","https://s3.amazonaws.com/uifaces/faces/twitter/dreizle/128.jpg"
918,"Deven Gutkowski PhD","https://s3.amazonaws.com/uifaces/faces/twitter/dhrubo/128.jpg"
919,"Estevan Satterfield","https://s3.amazonaws.com/uifaces/faces/twitter/johncafazza/128.jpg"
920,"Aniyah Weber Sr.","https://s3.amazonaws.com/uifaces/faces/twitter/antjanus/128.jpg"
921,"Eunice Rowe","https://s3.amazonaws.com/uifaces/faces/twitter/karsh/128.jpg"
922,"Leonard Doyle","https://s3.amazonaws.com/uifaces/faces/twitter/ilya_pestov/128.jpg"
923,"Abby Huel","https://s3.amazonaws.com/uifaces/faces/twitter/amandabuzard/128.jpg"
924,"Ms. Chris Daugherty","https://s3.amazonaws.com/uifaces/faces/twitter/bboy1895/128.jpg"
925,"Muhammad McCullough","https://s3.amazonaws.com/uifaces/faces/twitter/marcobarbosa/128.jpg"
926,"Mr. Richie O'Connell","https://s3.amazonaws.com/uifaces/faces/twitter/kushsolitary/128.jpg"
927,"Ashlynn Goyette","https://s3.amazonaws.com/uifaces/faces/twitter/anaami/128.jpg"
928,"Antonetta Mueller","https://s3.amazonaws.com/uifaces/faces/twitter/91bilal/128.jpg"
929,"Trystan O'Hara","https://s3.amazonaws.com/uifaces/faces/twitter/r_oy/128.jpg"
930,"Isac Gleason","https://s3.amazonaws.com/uifaces/faces/twitter/bighanddesign/128.jpg"
931,"Jeanette Legros","https://s3.amazonaws.com/uifaces/faces/twitter/kudretkeskin/128.jpg"
932,"Melba Maggio","https://s3.amazonaws.com/uifaces/faces/twitter/yesmeck/128.jpg"
933,"Henriette Lemke","https://s3.amazonaws.com/uifaces/faces/twitter/kuldarkalvik/128.jpg"
934,"Ansel Baumbach Sr.","https://s3.amazonaws.com/uifaces/faces/twitter/klimmka/128.jpg"
935,"Elza Hammes","https://s3.amazonaws.com/uifaces/faces/twitter/amywebbb/128.jpg"
936,"Jo Luettgen","https://s3.amazonaws.com/uifaces/faces/twitter/primozcigler/128.jpg"
937,"Ms. Dulce Botsford","https://s3.amazonaws.com/uifaces/faces/twitter/fran_mchamy/128.jpg"
938,"Mr. Magdalen Blanda","https://s3.amazonaws.com/uifaces/faces/twitter/thaisselenator_/128.jpg"
939,"Jennings Kub","https://s3.amazonaws.com/uifaces/faces/twitter/sweetdelisa/128.jpg"
940,"Elian Schinner","https://s3.amazonaws.com/uifaces/faces/twitter/vinciarts/128.jpg"
941,"Maud Okuneva","https://s3.amazonaws.com/uifaces/faces/twitter/ddggccaa/128.jpg"
942,"Barry Lueilwitz","https://s3.amazonaws.com/uifaces/faces/twitter/russell_baylis/128.jpg"
943,"Dena Cormier","https://s3.amazonaws.com/uifaces/faces/twitter/kvasnic/128.jpg"
944,"Joanny Friesen","https://s3.amazonaws.com/uifaces/faces/twitter/yehudab/128.jpg"
945,"Lyric Durgan","https://s3.amazonaws.com/uifaces/faces/twitter/karsh/128.jpg"
946,"Elaina Kessler","https://s3.amazonaws.com/uifaces/faces/twitter/m_kalibry/128.jpg"
947,"Issac Mante III","https://s3.amazonaws.com/uifaces/faces/twitter/emsgulam/128.jpg"
948,"Kendra Zboncak","https://s3.amazonaws.com/uifaces/faces/twitter/josecarlospsh/128.jpg"
949,"Rusty Heller","https://s3.amazonaws.com/uifaces/faces/twitter/meln1ks/128.jpg"
950,"Devan Mertz","https://s3.amazonaws.com/uifaces/faces/twitter/seyedhossein1/128.jpg"
951,"Lucy Armstrong","https://s3.amazonaws.com/uifaces/faces/twitter/ceekaytweet/128.jpg"
952,"Mrs. Bella Hoppe","https://s3.amazonaws.com/uifaces/faces/twitter/duivvv/128.jpg"
953,"Zena Kuhn","https://s3.amazonaws.com/uifaces/faces/twitter/xripunov/128.jpg"
954,"Vanessa Douglas","https://s3.amazonaws.com/uifaces/faces/twitter/lokesh_coder/128.jpg"
955,"Kamille Bernier","https://s3.amazonaws.com/uifaces/faces/twitter/juaumlol/128.jpg"
956,"Miss Kasandra Kohler","https://s3.amazonaws.com/uifaces/faces/twitter/looneydoodle/128.jpg"
957,"Marvin Homenick","https://s3.amazonaws.com/uifaces/faces/twitter/jeremiaha/128.jpg"
958,"Katelyn Fay","https://s3.amazonaws.com/uifaces/faces/twitter/duck4fuck/128.jpg"
959,"Norris Keeling","https://s3.amazonaws.com/uifaces/faces/twitter/afusinatto/128.jpg"
960,"Stone Schulist","https://s3.amazonaws.com/uifaces/faces/twitter/carlyson/128.jpg"
961,"Henri Gaylord","https://s3.amazonaws.com/uifaces/faces/twitter/areandacom/128.jpg"
962,"Craig Rodriguez","https://s3.amazonaws.com/uifaces/faces/twitter/mbilalsiddique1/128.jpg"
963,"Orville Dare","https://s3.amazonaws.com/uifaces/faces/twitter/blakehawksworth/128.jpg"
964,"Gunner Witting","https://s3.amazonaws.com/uifaces/faces/twitter/nelsonjoyce/128.jpg"
965,"Doug West","https://s3.amazonaws.com/uifaces/faces/twitter/toddrew/128.jpg"
966,"Marilyne Kunde","https://s3.amazonaws.com/uifaces/faces/twitter/madshensel/128.jpg"
967,"Tania Heidenreich","https://s3.amazonaws.com/uifaces/faces/twitter/brenton_clarke/128.jpg"
968,"Kitty Reynolds","https://s3.amazonaws.com/uifaces/faces/twitter/urrutimeoli/128.jpg"
969,"Randall Jast Jr.","https://s3.amazonaws.com/uifaces/faces/twitter/emmeffess/128.jpg"
970,"Rylan Reynolds","https://s3.amazonaws.com/uifaces/faces/twitter/rickyyean/128.jpg"
971,"Robbie Orn","https://s3.amazonaws.com/uifaces/faces/twitter/cherif_b/128.jpg"
972,"Dr. Joanny Jenkins","https://s3.amazonaws.com/uifaces/faces/twitter/krasnoukhov/128.jpg"
973,"Jess Crooks","https://s3.amazonaws.com/uifaces/faces/twitter/enjoythetau/128.jpg"
974,"Abdul Schuster","https://s3.amazonaws.com/uifaces/faces/twitter/bcrad/128.jpg"
975,"Georgette Ebert Sr.","https://s3.amazonaws.com/uifaces/faces/twitter/dmackerman/128.jpg"
976,"Keon Rath","https://s3.amazonaws.com/uifaces/faces/twitter/mateaodviteza/128.jpg"
977,"Jerald VonRueden","https://s3.amazonaws.com/uifaces/faces/twitter/ryanjohnson_me/128.jpg"
978,"Catharine Leuschke PhD","https://s3.amazonaws.com/uifaces/faces/twitter/ashernatali/128.jpg"
979,"Nella Shields","https://s3.amazonaws.com/uifaces/faces/twitter/zackeeler/128.jpg"
980,"Daphnee Kovacek","https://s3.amazonaws.com/uifaces/faces/twitter/kalmerrautam/128.jpg"
981,"Stan Zulauf DVM","https://s3.amazonaws.com/uifaces/faces/twitter/vicivadeline/128.jpg"
982,"Garrick King","https://s3.amazonaws.com/uifaces/faces/twitter/reabo101/128.jpg"
983,"Davonte Rogahn","https://s3.amazonaws.com/uifaces/faces/twitter/yecidsm/128.jpg"
984,"Tyson Fisher","https://s3.amazonaws.com/uifaces/faces/twitter/kudretkeskin/128.jpg"
985,"Shany Macejkovic","https://s3.amazonaws.com/uifaces/faces/twitter/jacobbennett/128.jpg"
986,"Alberto O'Kon","https://s3.amazonaws.com/uifaces/faces/twitter/posterjob/128.jpg"
987,"Aiyana Donnelly","https://s3.amazonaws.com/uifaces/faces/twitter/ky/128.jpg"
988,"Heber Dicki","https://s3.amazonaws.com/uifaces/faces/twitter/spbroma/128.jpg"
989,"Keeley Crooks","https://s3.amazonaws.com/uifaces/faces/twitter/dutchnadia/128.jpg"
990,"Johnnie Bahringer","https://s3.amazonaws.com/uifaces/faces/twitter/danvierich/128.jpg"
991,"Mireya Bode","https://s3.amazonaws.com/uifaces/faces/twitter/abovefunction/128.jpg"
992,"Miss Rey Adams","https://s3.amazonaws.com/uifaces/faces/twitter/okcoker/128.jpg"
993,"Ken D'Amore DVM","https://s3.amazonaws.com/uifaces/faces/twitter/chris_frees/128.jpg"
994,"Henri Gutkowski","https://s3.amazonaws.com/uifaces/faces/twitter/nellleo/128.jpg"
995,"Liliana Collins","https://s3.amazonaws.com/uifaces/faces/twitter/themrdave/128.jpg"
996,"Haylee Dicki","https://s3.amazonaws.com/uifaces/faces/twitter/grrr_nl/128.jpg"
997,"Emmalee Lind","https://s3.amazonaws.com/uifaces/faces/twitter/jacksonlatka/128.jpg"
998,"Quincy Klein","https://s3.amazonaws.com/uifaces/faces/twitter/opnsrce/128.jpg"
999,"Penelope Hilll","https://s3.amazonaws.com/uifaces/faces/twitter/holdenweb/128.jpg"
1000,"Ms. Kristina O'Reilly","https://s3.amazonaws.com/uifaces/faces/twitter/karsh/128.jpg"